x,y,ridge_diff_velocity_scaled
677749.2420353355,-1463018.951995198,-4.583113425427621
677012.4864169871,-1463154.0946769326,-9.210216589374534
676270.8029528828,-1463263.0888047146,-6.657613451213354
675535.2231715269,-1463406.8506888782,-6.981112849863205
674797.7799463143,-1463541.517952061,-7.244547764685722
674059.0907091036,-1463670.4463271457,-5.923312114926903
673319.9141996929,-1463796.1912193075,-5.26553450592159
672584.0754283809,-1463940.0939096257,-6.555404155271727
671845.2632495048,-1464068.3705921045,-8.59949599208929
671104.8032566813,-1464186.6924295267,-4.939382482907419
670367.3462072843,-1464322.190619587,-4.053919524192297
669629.0974618885,-1464453.6615136175,-8.347761246371952
668891.9902001541,-1464591.7425813684,-6.259872123199049
668153.8541573529,-1464724.3545035329,3.5758236497458
667414.4724410165,-1464849.4520048338,-14.412157280332266
666674.6795805144,-1464971.9121507716,5.743892409854973
665936.4531339275,-1465103.777399251,-0.3766160413687567
665199.6523562265,-1465243.5292174625,-2.284702498785639
664461.2366574001,-1465374.4014267777,2.137294963908994
663720.9963938601,-1465494.3821967733,-2.260616853632941
662978.3929260557,-1465597.0793487076,2.399411286470639
662243.1143135413,-1465741.6637687187,2.840139933880506
661506.8033356373,-1465883.2049055554,-0.6753602594901764
660769.4935995676,-1466019.4590788467,-1.0938700013832392
660033.3675094886,-1466162.1768384466,-1.8215739066762477
659293.5627450056,-1466285.0142539411,-3.697916666666666
658555.0791181253,-1466415.6501144317,-2.0115705035962765
657817.0050289842,-1466548.765123876,-3.984494319917806
657077.1379085366,-1466671.079217187,-1.06514457998518
656336.560948065,-1466789.4537925539,-8.405817329796722
677294.0211946523,-1462086.4944148422,0.6615243617817761
669909.6098954835,-1463365.342490359,-6.110411950523
668435.6133934342,-1463638.5619621251,-3.479262997245243
655887.7337267001,-1465847.1737193936,-9.069989243007953
677166.7086191259,-1461096.8062205177,-2.059307622534547
669787.5502578875,-1462397.162240799,-9.805321555203754
668305.6554541684,-1462623.1852833072,3.393659393861281
667570.8258405556,-1462770.0116845933,-4.5287217441384
655767.5037094126,-1464896.6984790822,-5.3074155014602535
666733.013658207,-1461903.2447338447,-3.4756478179276566
667475.5803218408,-1461801.3844890026,-5.6794740190606845
669686.8661096187,-1461397.155697146,-7.7733732110936735
677067.5755019144,-1460078.981716247,-1.8903566613461642
655400.476793744,-1462875.9786987214,-10.08036162274023
666469.011336224,-1460935.6237386898,-12.261624359480699
669422.043880982,-1460410.367519774,-0.11339208660139555
676801.5393487529,-1459092.2989576948,1.3869218601343754
676780.0009728906,-1458096.9083533837,4.82631980309314
676040.4051609727,-1458221.065782199,1.3712397977773545
675302.5107756715,-1458354.2205770027,-0.8204587327360215
674569.1118205797,-1458510.0841713918,-6.46101185050545
673829.6648448885,-1458633.2316001446,1.7099332665252742
673088.7547249693,-1458749.094540959,-1.788111392825058
672351.489738424,-1458886.246391768,-5.255668904642711
671613.2673502935,-1459018.0306725798,4.150878138076835
670871.6371372204,-1459128.830487224,3.9025878746180793
670130.3417174859,-1459241.7434799229,0.1757655162473979
669387.87926837,-1459345.274269219,-0.16722380765071332
668656.1492268384,-1459505.4225270618,5.535995211632548
667928.2615706287,-1459684.8134345424,-0.6350610045097727
667190.7635652589,-1459819.54630949,3.5664904626512843
666448.1608974178,-1459924.1286473633,3.358984988817731
665708.7837914322,-1460046.5833170402,-10.911822341533261
664975.8046229468,-1460204.9324048876,5.106764053061431
664239.3323851884,-1460345.5089503531,7.9712285617372105
663499.0846848517,-1460465.2177726456,6.976730074366735
662757.2916665396,-1460572.5367182132,8.85435191933846
662009.2919744035,-1460606.751480138,11.873468379297991
661265.9240065081,-1460675.9432298222,7.178586352727631
660543.4915543953,-1460871.4878273674,-5.282020699860007
659830.9287028844,-1461104.2403779954,4.749043133694421
659100.4244990697,-1461267.3608180746,2.0420256160041106
658359.5372018518,-1461383.0553773714,2.597894338453008
657618.5415148227,-1461497.852912268,-0.22700274545816512
656884.5889012545,-1461650.1799138968,4.5945211648429485
656149.8345100665,-1461797.9646255171,-1.0620930082828757
655406.0491417055,-1461890.7400983162,0.20766083664014356
654897.327115319,-1459926.3906236796,-7.028556290856509
663757.5065597751,-1458366.261659078,-9.328234288811974
664499.7767956733,-1458259.3847185024,-7.554063094247601
668923.4532257684,-1457444.6438026207,7.975360923800075
676308.1683984941,-1456169.863184505,-10.371441491842141
654859.9096817658,-1458921.599239302,-12.200698057336044
662980.9764365541,-1457491.76168071,-5.419141474576618
663719.5031400386,-1457361.6656259708,-4.024694250233546
668887.9380042822,-1456453.6816678771,4.6978422747809025
676271.6323094314,-1455155.6664376939,-16.559800008505405
675955.1487729709,-1454198.0853312497,-8.54558917321834
669308.6657119817,-1455372.4940982647,8.019278849401054
668569.2653397307,-1455497.6301050468,3.8232134725912847
662660.8935808444,-1456530.396485058,-11.525565636315088
655274.6248063182,-1457818.3472428413,-6.841691410190525
654540.0455667727,-1457968.5598888143,-0.8490184404958185
675767.2087389713,-1453199.3451118967,5.563622102031784
675032.8414255162,-1453351.0366836977,-0.13461256061641258
674295.3103808155,-1453485.8171697033,-23.814025675249127
673556.7387093406,-1453615.6034183921,-6.798192832472507
672818.5473646792,-1453747.7095529055,-14.4119629790447
672080.0875848475,-1453878.0437022313,-0.7489256353548432
671342.1274806152,-1454011.6886769838,1.522129227604381
670603.1503367777,-1454139.572787995,-6.6673277209634945
669864.9957749662,-1454271.7933397153,11.417509039141564
669124.8508299766,-1454390.9160302067,-2.3265176382005137
668385.0199901819,-1454510.902658528,3.9187850333594048
667647.8840007188,-1454648.5315378173,3.359792426325509
666907.83785217,-1454769.7661571985,0.9118516803476933
666167.9432083826,-1454891.9608498116,6.34765479494992
665430.5524110431,-1455028.6513344808,1.3694686062052668
664694.1579386446,-1455170.538511437,2.272454112904562
663955.3455901275,-1455298.881768209,-2.2197907666628307
663217.6582019136,-1455433.685656331,-0.2869291906882694
662480.5374626383,-1455571.4506402484,-0.03569660491414428
661743.050023819,-1455707.2311627688,-14.059688308974295
661003.0626252544,-1455827.917832657,1.3616859771634777
660264.0559067512,-1455955.090913198,-0.9934030592351721
659526.3598945149,-1456090.2453011228,0.5218153252871938
658788.2799541021,-1456223.1932774459,-3.676182808959319
658049.5553030701,-1456352.4677553582,-1.6134555719796504
657309.450666442,-1456473.7519021865,-11.606297237088823
656570.1902219487,-1456599.873050441,-6.028609293660656
655832.7519426899,-1456736.3431849526,-9.346929509599104
655095.211964773,-1456871.3061143926,-5.2224329975006984
654358.1040848251,-1457007.6493923843,-3.075718657116207
653616.2373469308,-1457111.224296811,2.121560911311641
675937.5790510692,-1452169.995885462,-16.544922703255445
675199.7165942577,-1452302.6740640425,-14.19762667448266
668554.9562931152,-1453478.7832852406,-9.981724325133849
661169.6648510651,-1454764.5129453454,-9.56378634980016
660430.0926436716,-1454888.88328759,-12.926500453184715
654523.4947180905,-1455937.2753464244,-12.475232936772684
654579.5379719184,-1454922.902118188,-12.477552600823502
660483.6961598685,-1453860.6783139205,-9.702123735942171
668607.4470422111,-1452440.0621346224,-18.531821874749642
675247.7952719651,-1451259.2542986355,-9.476272056998637
675396.9944541407,-1450210.28409293,-7.858882631322791
668755.2759763415,-1451405.3993911191,-2.740652204315401
668019.9483156044,-1451552.3566059794,-1.8302954984810773
659894.3520304069,-1452959.0059345346,-4.071243615726637
659159.093965153,-1453105.6382751141,-4.722256491473136
654727.0771286326,-1453876.0269605329,-6.254202458570646
653990.2805701199,-1454014.8846983213,-8.781618691900336
654284.6606539023,-1452976.261159748,-4.646248257198334
658704.2206817864,-1452153.8212929352,-5.008361609918799
668304.6577177753,-1450464.872152838,-0.7946888836997577
674938.8086005413,-1449270.826554768,-4.426976059968277
653822.1491913672,-1452034.6323329825,-5.657527958078914
654558.3196968443,-1451891.5065849028,-2.60392613192154
655294.43852562,-1451749.3506261348,-0.9546489020509235
656034.5774353265,-1451629.1073186975,-5.333180169065285
656774.8359007223,-1451508.820531889,-1.6246612556405076
657512.9903250611,-1451376.3285559493,-2.9527907864788343
658250.0158970621,-1451237.6588067168,-0.9757772795005657
658987.0944741504,-1451099.3219366523,-1.7058368695826118
659726.9016371758,-1450977.9568306422,7.247305301742553
660468.2671107877,-1450865.494931435,1.8540239565575334
661200.7494853999,-1450707.88677986,3.210059143773759
661924.3340202029,-1450514.4824966516,1.6119105047655506
662664.7054393003,-1450409.7945688674,0.560600858909245
663410.0689730834,-1450331.5041789527,1.2091913235151157
664150.3240168749,-1450211.9136952918,-4.2982682125340315
664889.0399429916,-1450082.48510293,-2.393692405024133
665624.8480889096,-1449937.6329685731,2.8905292939106326
666359.9965339404,-1449790.384582098,-3.73241777518688
667101.8193455635,-1449682.2269330458,-30.667265393183875
667841.2805517373,-1449558.8817041721,-30.092293804376045
668576.1404010975,-1449409.2033538623,-0.23762640470061136
669311.8848096246,-1449264.4382139205,-0.6619387442351545
670052.3354639111,-1449145.8863275705,0.0670334894357616
670792.6029117932,-1449025.988660315,-0.3381302897248508
671530.1274577748,-1448890.0837499157,0.8168556609162607
672263.9392695393,-1448736.106621047,0.38262294204689873
673001.2179530299,-1448600.0069781106,-0.2215000122530632
673742.1374982529,-1448483.7835494992,-3.3431310166494583
674482.0390007233,-1448361.35472461,2.103403410993417
675218.8418538027,-1448221.617735353,1.5777601702020991
674748.7641492904,-1447293.984056185,-2.5073692813966404
668106.1742193996,-1448478.6923183035,-0.9650006633291355
657032.3777698886,-1450445.2917858134,-10.627052203546132
654073.0501040465,-1450933.3712243803,-6.348539909145956
653465.8724849109,-1450041.680521146,-8.130408131549018
656414.1802586782,-1449517.6409456849,-5.7572360252908625
667486.7570699583,-1447550.875498126,1.1151081490497123
668227.5640079215,-1447434.5668070707,-0.07496093516265745
674870.7062680828,-1446254.8415840035,-2.380965116397972
653744.2122852823,-1448972.1077546042,-3.4705911350375915
655222.4974450347,-1448732.2651761773,1.1757799593271345
655956.239154795,-1448579.1222406896,-1.5728737372018937
667766.7296050307,-1446506.419729564,2.8042587886803476
674418.6453296515,-1445391.022936739,3.911806464266792
674433.0267149814,-1444302.5740247678,-8.487609786661157
667789.6157196512,-1445479.5939201512,-0.5168464291099344
655234.476701273,-1447672.2832155416,0.1150433468220679
654494.6205699644,-1447795.0044215857,2.259954254824055
653758.8520685304,-1447939.3168573237,-9.633599324774947
674648.9344982364,-1443260.3120718263,-5.649697459971197
673915.1552822156,-1443411.585971425,-8.335397842029977
673185.3586170386,-1443579.6874031704,-4.619942493364817
672442.3416387577,-1443675.0019789224,5.325180497886478
671697.3486016291,-1443759.7998977022,-12.32642295788213
670956.1805542721,-1443873.5432289348,5.672051903961846
670218.3257587166,-1444007.6212975604,-10.855197474957702
669480.4722839582,-1444142.0102158822,1.3313952647835907
668741.077651185,-1444267.5187178135,-12.481409594540963
668000.2327620683,-1444384.1396413008,18.817045932740047
667260.1242170742,-1444505.0736694408,29.89319920905306
666521.4127538227,-1444633.6989803142,-0.29729509822388284
665793.4278176818,-1444809.080919293,-5.3525488264157035
665071.12615987,-1445007.2253382034,-2.9533925355382014
664331.07236379,-1445119.9791195712,-3.007843561396987
663584.5286895394,-1445190.726621394,-33.767980738384196
662842.0033291153,-1445292.1760182464,-0.003665422975206979
662106.5784050729,-1445438.6693626842,-3.420941740574004
661371.4264116473,-1445586.9851353334,-6.505747108174512
660633.3777209978,-1445719.8285040054,-2.194063379547549
659891.9817725257,-1445832.4510111355,-3.654799450310527
659154.7120707044,-1445968.13378215,-2.041225492979489
658420.5752485197,-1446120.980937708,-8.95581717145244
657680.8111562285,-1446243.0053695487,-7.083958388582991
656938.8377567838,-1446351.9551552508,-7.0236593792565625
656199.9946146319,-1446479.9106212016,8.502560922592764
655461.9653094853,-1446611.8975545282,31.599598418206252
654718.790394104,-1446711.7397612068,-4.557484265755662
653980.7336275704,-1446837.460056483,-8.417813413206682
653253.0526506639,-1447016.466081065,-12.705066358024938
653532.5306504924,-1445962.2289932068,-5.402399127813731
666820.129164779,-1443602.0953597256,-2.207405769811772
667560.083188906,-1443480.1064879352,-3.1191174949230573
674206.9208484477,-1442314.5742230709,-7.447535781738111
653321.4043690751,-1445028.50587214,-1.1887666016750256
667342.7542124472,-1442532.7675750756,-2.2227446359854577
673984.7013452451,-1441347.3616279813,-5.18635450157552
673790.7572295634,-1440379.529129552,-12.925843213409946
667139.6762371791,-1441517.5042669096,-7.124651834941828
653112.7671300358,-1443921.5596849385,-6.269682084884098
673746.9217510555,-1439362.670570419,-7.070158169055691
667113.660930919,-1440560.1565007134,1.3463973657116979
653091.2693922219,-1443000.6467884937,-0.29581154007964594
652750.4880584942,-1442026.2997867793,-0.08058029515587478
653490.6299570121,-1441905.3243433535,-6.073702738444495
654229.2438368083,-1441775.3621920706,6.310149629690475
654967.0240426457,-1441640.7856853395,-4.427594022643532
655706.6099092173,-1441516.4505120183,1.894444641378822
656444.8378017942,-1441384.554204372,-0.007045162325439058
657181.3936362155,-1441243.4044927317,0.9305397525414927
657917.9635706038,-1441103.0468223055,-10.681347869725546
658657.6332663657,-1440980.593365085,0.5820511614937383
659395.6085812664,-1440847.9165881095,-4.184001040707456
660134.3236396322,-1440718.8150470338,-11.065563842780259
660875.8698791265,-1440607.2453000708,-15.334465690732596
661614.560535345,-1440479.9816147932,-22.779869230997562
662350.0981947271,-1440336.0982656206,-0.22429314343505613
663089.5111853984,-1440211.0075754977,-5.476696734788977
663827.6054741525,-1440078.1586529345,-4.394858227267836
664564.5952039412,-1439939.3469211436,-11.159469526492824
665304.5596761294,-1439817.8220685225,-1.584847688824481
666045.6621209858,-1439703.4847831528,-0.2343705310385289
666783.543489569,-1439569.5561469826,-1.4448837218795543
667519.3312680712,-1439424.7086054708,-5.079706244815169
668255.542367428,-1439282.2324728703,-29.623756588520326
668992.2899168071,-1439142.957589642,0.7847677770652419
669730.0765422592,-1439010.0258658451,3.2544408530023934
670473.2693121379,-1438910.108079669,4.617106090121794
671213.3190110329,-1438790.1462373459,-1.2616209639709277
671948.8504651563,-1438643.7924990267,0.269687068129258
672686.3349053302,-1438508.9136043158,-0.15946154094388998
673425.7762982788,-1438385.6135374987,-0.05915068873738116
672884.0195207846,-1436474.2661177488,3.3881972113799215
666971.9408465091,-1437479.8203270207,-4.294035575695515
666236.5793920448,-1437626.1718695555,-9.411760760838693
652951.7243508009,-1439995.1545050878,0.18099119152613152
661573.621625,-1466299.2815,6.706981064446058
660659.953815,-1461131.52375,14.627493032664587
659745.939497,-1455964.660875,3.063499690099423
659179.978312,-1453019.082375,-4.222198866084572
659076.547753,-1452276.607375,-5.055938117985573
658989.551198,-1451531.77675,0.1314227195820603
658861.539365,-1450793.84675,1.124449602819011
657976.886505,-1446384.80075,-3.214190370456283
657102.809499,-1441212.22675,-0.032905851253008045
658079.6200640001,-1440876.991,-4.6268927472692365
659041.4869990001,-1446036.217625,-4.54299081645574
659963.200927,-1451201.153125,0.8755113103830956
660478.822809,-1454155.927875,-4.418151619589988
660616.8760650001,-1454893.025875,-8.96433353224943
660740.328188,-1455632.63775,2.9224404218532927
661601.656936,-1460809.825,5.615100550653141
662541.962316,-1465970.88725,6.1626885468175185
659129.949181,-1440979.88675,0.3621341686088684
660063.045138,-1446144.98675,-1.9390236682343467
660833.6252509999,-1450576.42325,4.386271138222902
661613.9496930001,-1455006.44525,-5.776035878570568
661742.3072439999,-1455745.310375,-2.6811274546001034
661889.804688,-1456480.578625,-7.2762569558050565
662674.9437599999,-1460911.13775,8.321461066689283
663413.1106240001,-1465349.67075,5.998233733500064
663536.452315,-1466089.4405,4.239992253419611
660034.7093730001,-1440378.2045,-12.178361890569509
660149.3706200002,-1441119.292875,-18.746875472629437
660937.0240010001,-1445549.396125,-5.474423594509964
661872.8531259999,-1450714.392625,1.983286815710358
662687.10176,-1455139.7885,10.127861527661217
662817.0443780001,-1455878.217875,10.74320794148381
662933.401631,-1456619.109875,-5.501230610231525
663056.653127,-1457358.898625,-5.195109468807688
663564.792184,-1460314.977625,14.124137163417728
664444.3951879999,-1465489.653375,-3.8529543263371444
665397.755503,-1465227.176375,10.252285268445942
664483.7126160001,-1460060.0705,11.21991259645577
664366.174117,-1459320.3845,-2.8517707811263833
664254.18181,-1458579.754,-1.1551607357706821
664124.878874,-1457841.308625,-1.898129742159103
663738.154877,-1455625.102,2.011866734198211
662795.4466199998,-1450461.071875,7.407170142007284
662035.736193,-1446028.466375,2.2633934404886284
661872.836128,-1445296.56125,-2.217279851604803
661081.097688,-1440868.716,-3.916656751263467
666427.7908180001,-1465386.849375,-0.7868375005154746
666298.819246,-1464649.438375,3.8601683010493897
665548.1319449999,-1460216.752,7.045335074392983
665404.8715039999,-1459480.572625,-8.240664365573494
664597.5536849999,-1455055.36875,-0.9788645118073749
663863.7287490001,-1450619.896375,-4.333283593085866
663715.794439,-1449884.661625,-5.492860108998093
662944.5500579999,-1445455.332125,-29.783730544057747
662023.1329989999,-1440293.07775,26.44718053789223
663039.668872,-1440076.022625,-1.2035925648860069
663882.35925,-1445255.26275,-0.9174961632603695
664731.499183,-1449671.631,-0.8329068457691751
664840.480618,-1450413.527625,-0.9957206763197437
665642.0353120001,-1454838.47575,-0.46766819593191933
666576.460873,-1459999.71575,9.041361343381922
666779.352813,-1461485.296125,-4.503716884188911
666933.6415049998,-1462218.756875,1.2150398878889064
667443.212879,-1465173.994125,-0.022304405829959878
664032.5548080001,-1439915.411,1.0261979857157453
664932.648871,-1445087.08475,-2.867116237397795
665848.1550500001,-1450255.76925,9.150345886482466
666631.560875,-1454686.337375,4.039317303470625
667543.3511819999,-1459854.597,4.126650191880197
668053.0680500001,-1462810.179875,31.71897492249204
668176.0891859999,-1463549.92325,-3.6543942476095164
668315.3151219999,-1464286.858625,-8.015361412222346
668440.066686,-1465026.179,-1.0097434778404342
669383.280246,-1464484.10975,-0.049905660107738115
669226.9975620001,-1463750.815,8.034714400813288
668598.8269369999,-1460055.76725,5.447634264229121
668462.587939,-1459318.310625,13.165016569056927
667688.683373,-1454887.910625,-0.709331445766308
666783.048431,-1449718.454125,-32.563925180188896
665836.8776959999,-1444558.9195,5.276590488611702
665041.1031259999,-1440131.402125,0.021120910121657843
670393.901569,-1464817.554125,-0.012732211681008465
670269.759188,-1464078.109375,1.5294312579158653
670147.8357439999,-1463338.202125,3.8177367230894284
670012.436814,-1462600.555125,-3.6821360032465087
669897.70488,-1461859.62775,-2.325324676309812
669777.683446,-1461119.61175,-4.444117752601045
669626.427312,-1460385.160375,3.7301820878775214
669491.139626,-1459647.601875,-6.0533110762205045
669371.301188,-1458907.275625,7.343175192903137
669247.8801849999,-1458167.598,-0.5878278876656493
669128.469751,-1457427.277875,10.892055369195173
668999.7492590001,-1456688.436625,10.08219211341445
668867.0004419999,-1455950.319875,-1.4685345055776313
668731.405237,-1455212.73925,3.9807824468055686
668600.9075580001,-1454474.21475,7.349693107305225
668462.2695620001,-1453737.212,-4.566566481733357
668344.2689430001,-1452996.762875,-6.628106287055944
668217.552627,-1452257.704125,-16.630264334588365
668094.584207,-1451517.978,1.4537275385006136
667971.409257,-1450778.182,-0.5700989003428019
667837.6001169998,-1450040.296375,2.5244410623640396
667695.477128,-1449304.008375,-24.130224728404315
667565.184507,-1448565.4815,6.280710241280025
667443.3945680001,-1447825.498625,3.224163596979243
666918.727875,-1444873.31525,0.3774304902917234
665970.536816,-1439711.027125,4.868202763158319
671304.8371850001,-1464129.487375,6.740477897498245
670530.646635,-1459697.955,7.2781138752978825
670397.4202550001,-1458959.9455,4.229695552326923
669641.234746,-1454524.31325,-0.16082679507953124
668700.2194330001,-1449361.0095,3.2123778684814654
667965.744878,-1444922.807,1.6156124873850937
667831.078743,-1444185.12575,-10.549439164595887
667671.1003739999,-1443452.565875,1.5724966025687763
667546.633881,-1442714.291125,-2.7092212806498512
667440.518624,-1441972.434625,2.641306904614888
667284.706809,-1441239.111125,-0.774675360403128
667138.4623220001,-1440503.627125,3.3963477715198636
667013.030634,-1439764.297,-3.981115605937526
666896.5316870001,-1439023.516375,-9.482664178417203
666752.388183,-1438287.765375,-11.693807366259058
666616.064821,-1437550.641125,-4.178934284890193
667944.535936,-1439147.839875,-31.458164251886778
668077.091439,-1439885.919,-0.658629139030058
668856.9120680001,-1444316.765375,5.692358385612183
669759.3661220002,-1449485.863375,1.0415141914526211
670533.626434,-1453911.837875,12.131011503536318
671470.742881,-1459070.975875,13.562939030444836
672343.4440609999,-1464241.778625,2.7977768920127843
668938.806569,-1438971.725,-2.055491943035224
669083.7294960001,-1439707.45325,-2.59157194134616
669871.62668,-1444134.296,-7.221990781159821
670739.569807,-1449310.365625,3.1025287373293047
671556.1389449999,-1453734.448,6.90450555259121
672449.094569,-1458905.76,-8.150457530635009
673278.270505,-1464082.777125,10.11835050330977
674323.917062,-1463969.71025,7.699700247863397
674175.627505,-1463235.00825,-0.9426814519813114
673438.1686800001,-1458797.31275,-0.3419078579602566
672548.134816,-1453627.407625,6.695051262842139
671757.0408050001,-1449199.609625,3.599785363073024
670833.84756,-1444034.647375,-0.07108625053181601
669909.161314,-1438868.928125,4.6631942076551915
