x,y,ridge_diff_velocity_scaled
678117.0435391675,-1462953.9603675262,-252.4852071541174
677869.9998807099,-1462983.6215525207,-475.2760735691387
677627.1805910793,-1463042.9725380267,-77.89003607891499
677382.7441303857,-1463095.253522718,-428.0367061919465
677136.5394450851,-1463138.3414331311,-318.358446519324
676889.0335149664,-1463173.4729846602,-370.97435272922803
676641.6285775121,-1463209.3107672206,-461.9412524329083
676393.3040819581,-1463237.9856680008,-462.72668959616817
676146.5432121872,-1463277.218546642,-379.0662025838281
675901.7359398736,-1463327.8402369956,-323.85064882370943
675657.3719502649,-1463380.5388918046,-246.07287943372768
675413.6988711351,-1463436.3984075445,-276.0957456652726
675168.0859248338,-1463482.625219169,-275.02902373124607
674921.1855193867,-1463521.830486814,-293.9611827652209
674673.906417439,-1463558.50850265,-491.30219920646755
674427.941923598,-1463603.1075996102,-383.2251540789728
674182.5028017662,-1463650.6217734164,-255.40657633165736
673936.4835018028,-1463694.9050265565,-220.63278856031712
673689.4346092474,-1463733.1509089991,-187.88295398246635
673442.1516292525,-1463769.822961708,-238.1599647679261
673196.203396016,-1463814.4898687466,-217.7837461345547
672951.8671642555,-1463867.3011377759,-220.02558340123778
672707.415630397,-1463919.5217999343,-295.496061313462
672461.4605578204,-1463964.2442791716,-597.8367595841391
672215.5583610501,-1464009.3084216213,-387.9605673395143
671968.955984707,-1464050.3033691307,-565.2845216926733
671721.9422000792,-1464088.8068984759,-638.5489495355621
671474.5964521827,-1464125.0636791904,-589.6218054137984
671227.2807076307,-1464161.532451714,-584.013899263331
670981.0826977538,-1464204.8181012995,-354.6830578429008
670736.2531691581,-1464255.3554859038,-292.3723572149736
670491.0969264336,-1464304.1930587539,-420.4895925060631
670244.5213009443,-1464345.3482594506,287.6985607097646
669997.513432601,-1464383.8656742398,-643.0665443360012
669751.482522353,-1464428.145515216,-410.7573599418736
669506.2990843707,-1464476.9591833374,-212.85755097235693
669261.0948082291,-1464525.6756816762,-159.3633295848758
669015.3966522551,-1464571.8287203258,-171.1399170526197
668768.8468052369,-1464613.1329218047,-158.37060902553083
668522.6225348954,-1464656.333001667,-343.85983884991754
668276.9041009496,-1464702.369609246,-90.85962412687519
668031.0574210762,-1464747.726159122,84.55911884137188
667784.8325724909,-1464790.9892440962,-42.67901912072469
667538.1639960567,-1464831.6279065285,-28.344554221683566
667290.6743633515,-1464866.8636961184,724.8383628686267
667044.2188321666,-1464908.327172593,149.857952085042
666798.1736569338,-1464952.4994924243,49.00007023789088
666551.4865867506,-1464993.0507660785,38.212425921188355
666304.839246207,-1465033.771171991,-4.929070052819611
666059.3168132239,-1465080.8115023742,-3.489580047279759
665813.8664755594,-1465128.2136324563,82.28873158617179
665567.79000072,-1465172.3132901827,-0.5468611361038427
665322.590658761,-1465220.988911932,-91.32108873709385
665077.2126342177,-1465268.6959104084,-101.03943230345098
664831.0161312072,-1465312.1187573269,18.419175649970875
664584.3110245509,-1465352.5256500987,21.82368871446991
664337.9366561625,-1465394.926678272,99.85581023053565
664091.6828176796,-1465438.0346214129,-26.862152144148126
663845.0100013302,-1465478.6553881723,-94.75147651751826
663597.7185402205,-1465515.2581887236,-100.57626285398592
663349.5742162102,-1465545.5805887845,-44.35432733971848
663101.138517789,-1465573.4358472056,-8.852397624653207
662853.7706695484,-1465609.1958879624,-96.15899378841618
662609.0883006752,-1465660.105070879,29.325626225247873
662365.8145879739,-1465717.6704265617,36.88428197302005
662121.2502659059,-1465769.4487309335,-41.777319786181124
661876.3040996105,-1465819.4308465004,-104.0424859740607
661630.3392429018,-1465864.1026826925,-116.56519751779575
661383.6799662395,-1465904.766050114,-78.10199452285178
661136.8900337977,-1465944.520042914,-26.88917271491755
660891.915979131,-1465994.2584462764,-57.9869226201705
660646.8759914999,-1466043.716139246,-143.13666017202684
660402.2923938413,-1466095.34168695,-92.69469152939735
660157.008907915,-1466143.5026062091,21.140218072023742
659910.4458257427,-1466184.7793478956,-3.156883245179813
659663.7229104551,-1466225.0837127308,-126.6364910341693
659416.712984278,-1466263.6266163238,-196.28949241770556
659169.9046648337,-1466303.4071053262,-177.87690714956142
658923.9104204559,-1466347.9395813837,-200.423931670191
658678.0367386983,-1466393.168289553,-211.5156304587158
658432.281668247,-1466439.0348152684,-202.77391769068947
658186.0876450998,-1466482.4577715225,-257.0480409992426
657940.0433904674,-1466526.7264766297,-223.66412475575623
657694.0798946344,-1466571.4619200348,-128.6071598074813
657447.8091857353,-1466614.414327318,-70.7028365046848
657200.4896354855,-1466650.8359703752,-51.87164220592837
656953.4405334574,-1466689.0781890526,-149.73135955240838
656706.8122794682,-1466729.9883820019,-28.044396481730757
656460.0074169642,-1466769.817899533,-146.2849776316258
656213.1869425821,-1466809.5514767978,-46.96165638085489
655966.2371532457,-1466848.4574118836,-414.0725164921137
655720.3857610795,-1466893.605987707,-158.6043753365567
655474.2814794311,-1466936.9009360776,-15.517040752865285
677417.8198853426,-1462069.1755749725,-173.83734398368847
677170.2439063084,-1462103.8877496133,-113.0993558274036
676922.9529976118,-1462140.5780434874,-142.10346113752803
676675.7974021852,-1462178.1729943452,-182.58662741893767
670530.2916730448,-1463298.4227127058,-447.3154004902997
670281.1306458202,-1463318.6399327049,-483.4420032743649
670032.0184663091,-1463339.2410609226,-489.93395480022
669784.7459388558,-1463375.0899811606,-517.320804326537
669051.331957144,-1463531.3636514002,11.614265643942176
668805.2437786366,-1463575.403251266,-70.82684894766169
668558.9277263796,-1463618.1326889098,1064.9155475764028
668312.4416096372,-1463659.8696121646,992.9012323228985
668065.8404590831,-1463700.8422961596,1199.398922084612
656256.266012344,-1465779.0978853956,-378.4637808543711
656009.3583480897,-1465817.6456413737,-388.7277920008565
655764.9002162676,-1465869.884755472,-383.4435978595484
655520.410330099,-1465922.0665953334,-407.90152075824903
677288.869307867,-1461070.3105327897,-297.6115603517676
677044.2595234752,-1461121.9116557506,-196.04357834255075
676799.8294429799,-1461174.3434334302,-186.33396448084267
676555.3335966497,-1461226.3093667112,-232.2710283730446
670398.570028991,-1462267.729883372,-549.7576476305486
670154.0855998546,-1462319.8602766423,-681.5217060334378
669911.1406847272,-1462378.7613717094,-714.6787315775637
669666.4780156501,-1462429.5339790115,-728.8384907692584
668181.2782670315,-1462636.962891626,-372.84426701054394
667936.3390046804,-1462686.7350548124,-372.784872689043
667693.394663475,-1462745.6221507418,-383.94216786716805
667449.6266540174,-1462800.7297058988,-343.51984149315194
656136.5132688226,-1464831.0905227002,-358.5853761608728
655890.7859439168,-1464877.0428974866,-373.85241781013934
655645.2110519184,-1464923.7628246713,-348.02950246987285
655397.504572993,-1464954.8976714702,-356.45289373763455
656020.1096656265,-1463748.240466554,-383.6641538690407
666608.7583241954,-1461916.7797700537,-189.27924945188704
666857.4507338214,-1461891.4659722445,-135.75591214816546
667105.6684929492,-1461861.6856180737,-222.45082604132193
667353.3806855147,-1461828.1557418243,-122.28712916454361
667599.3850439587,-1461783.9027721905,-173.75953116268846
669565.1950533844,-1461426.170897007,-696.9681579927395
669810.213291419,-1461376.690805952,-578.4137112842186
670053.6062660139,-1461319.633484517,203.35625718342277
676454.2016176613,-1460198.2310394375,-212.56849123035437
676699.28587356,-1460148.9224752588,-182.9863995047155
676943.8484768857,-1460097.1157766224,-60.05624508300127
677190.0645629015,-1460054.1139345912,-233.33007611641136
655277.9044153424,-1462900.365241858,-511.53691037056717
655522.8027026244,-1462850.2755892822,-515.2382909088458
655769.1744576232,-1462807.9325853123,-408.83930091676575
665855.0995275255,-1461052.4896609862,-312.5927282226968
666100.9324172179,-1461007.0967165756,-332.65343694305557
666346.8445338638,-1460962.1425534652,-379.1589260337462
666591.5095602405,-1460910.845972291,-455.603766747789
666836.758833574,-1460862.4097124285,-166.00750172680324
669298.4574537814,-1460429.2670808544,1.5871062898255843
669545.1296611932,-1460388.6480594187,-97.6523554780745
669791.868748406,-1460348.4179331847,-109.89506838462034
670038.2599129428,-1460306.1066117396,-325.11271241631744
676431.2525472577,-1459150.5459149813,-117.85543872281204
676677.2731281917,-1459106.6977329846,-141.41918900472342
676925.0443995103,-1459073.4441879604,-116.54445114228253
677172.5873200516,-1459038.507994853,-113.20991740976734
677149.2552627646,-1458031.6725514315,-190.40603142664844
676903.3221054066,-1458076.442991377,-106.63911992124963
676656.7918121738,-1458117.9381987085,-35.86638377856474
676410.6347112171,-1458161.5796720176,33.95203684492549
676163.7885540765,-1458201.0503817329,-389.4937904971332
675916.8616212738,-1458240.063411415,-72.11325315037396
675670.3357573234,-1458281.5696636296,-256.6634612920843
675424.5708430557,-1458327.3157147532,159.04474701460862
675179.3474867198,-1458375.8373510567,134.31881327549252
674935.7890155874,-1458432.1595785718,-379.6548142581797
674692.3359804319,-1458488.9717924988,-310.2835395445136
674447.4645666019,-1458539.1700746384,-387.8731413935519
674200.857719698,-1458580.0352398579,-452.43841819318567
673953.2629011011,-1458614.5600671603,-405.4913005484999
673706.0033674163,-1458651.4343346914,-28.696571086790073
673458.5353913384,-1458686.896758869,-125.2085097802883
673211.7039941838,-1458726.5139177442,-293.60123826761037
672965.2850181271,-1458768.6566109848,-48.291580399024966
672719.4944962279,-1458814.3108762372,6.186596424218735
672474.4313133535,-1458863.66870711,-270.4237609429067
672229.0725260661,-1458911.5496614685,-327.0285469140359
671982.9606180484,-1458955.4563222572,-260.2439132245018
671736.8725932204,-1458999.5030977598,-68.90958239661768
671490.4173299164,-1459041.3884441634,157.2610258098161
671242.8188599887,-1459075.774826139,74.41375899976414
670994.9262871424,-1459108.0828268947,-179.83649835880726
670747.7587042714,-1459145.5531070642,73.47313255752334
670501.0446974784,-1459185.911188799,-156.45329463650205
670254.6190304615,-1459227.9760157357,12.036487105265678
670007.0975449722,-1459262.8880165443,15.55416170225169
669758.6055970314,-1459290.1986986115,-23.79738555045165
669510.4995160782,-1459320.630347615,-50.74357822648082
669263.7137243624,-1459360.4637380678,30.489251198623663
669018.6982360084,-1459409.8042925822,237.60866090237755
668776.2410385397,-1459470.6509716301,95.21707389612484
668535.3703489788,-1459537.5674499068,72.37259876330805
668294.2872838265,-1459603.6673941277,0.22728874761341444
668051.1439211824,-1459661.68083643,-40.169367220628416
667806.5751567975,-1459713.478750212,360.927764511128
667561.0399207089,-1459760.426757401,17.967867537085287
667314.5717214771,-1459802.2519863443,-32.9768329137502
667067.5350139162,-1459840.6003769175,-146.1696648907125
666819.9076049342,-1459874.9061172977,-40.720225313807674
666572.131772758,-1459908.1517626033,141.24229408088488
666324.1674022645,-1459939.9663697716,183.89797438549806
666076.4368097143,-1459973.4903397798,208.6975374855951
665830.282692016,-1460016.7942769555,226.09980403883299
665586.0440520659,-1460070.0818630932,-424.83949344614905
665342.3716119321,-1460125.966788332,165.3078906537109
665098.4546736343,-1460180.7346270308,97.33794023350367
664853.6128197787,-1460231.2388080626,98.16539172452696
664608.7793864416,-1460281.7893961256,19.876506902158383
664363.2621233232,-1460328.8084037642,56.838481191544474
664116.4408772415,-1460368.4481807875,51.31180761123679
663868.8471537476,-1460402.9898207358,196.86439400450922
663622.0717616352,-1460442.8396878848,65.93686936803934
663376.0386237686,-1460487.179109192,45.51280116951196
663129.3812002551,-1460527.8624727703,4.488843695476987
662882.0810801347,-1460564.4437280674,205.59751935207962
662633.6033402808,-1460591.4092271125,96.57213623696856
662384.1010454885,-1460606.431444903,66.23144734903809
662134.1793429726,-1460608.171107068,45.004404137212646
661884.2788934938,-1460602.0512831798,93.95346020505536
661634.608615659,-1460610.3520854004,104.487237393187
661387.0452649229,-1460643.7964146952,-40.058333457305025
661142.4050821512,-1460695.0590548073,37.24618526973438
660899.6370632997,-1460754.565364386,-100.96382122199412
660660.6021614064,-1460827.530323845,20.537019157428233
660424.9841538585,-1460911.0485107193,135.14021678380402
660188.7428390167,-1460992.807110519,1.951806387219392
659951.9965709735,-1461073.0624284435,12.995860630696939
659712.8704118861,-1461145.8767238082,109.1947366919481
659470.1049896613,-1461205.2152492113,36.00577865682948
659224.4269014669,-1461251.210071919,-28.28659637311216
658977.2435288357,-1461288.417456641,25.317365148874956
658729.9225763148,-1461324.6004945268,-74.68529796580953
658483.3598053678,-1461365.884859053,-53.163820544525834
658236.215597448,-1461403.468745905,-110.03869125438206
657988.6508282763,-1461438.2674099992,-40.41102760536762
657741.1352366224,-1461473.3697767039,-116.41393980508064
657494.55532558,-1461514.4554406651,-138.80370564458514
657249.8246688123,-1461565.3190217027,-347.13339874888493
657006.070354012,-1461620.8223516985,122.35962782801394
656763.3145963479,-1461680.5009306807,-56.17169403781503
656519.1459858456,-1461734.0773515047,-316.4167019438512
656274.0101969744,-1461783.1117990697,484.3023029269344
656027.2056378196,-1461822.5307527927,105.16142000800171
655778.9762196264,-1461852.1385987015,34.83811960791367
655530.1674631658,-1461876.3265704513,-26.798133534742362
655281.3325422669,-1461900.1918771057,-383.42850716772114
655033.7203417632,-1461934.3033470062,15.659698787931575
654787.9357347875,-1461979.8258189997,42.95689048721579
654774.6172706414,-1459950.0185575243,-309.04060528308855
655018.380403295,-1459894.6364042438,-334.48520474546285
655264.649137335,-1459852.0539220285,-311.7901126507261
655512.3297939603,-1459818.171772958,-339.5510566064118
663633.8512772484,-1458384.4496802995,-355.7966223972355
663880.8024351961,-1458345.5715922648,-400.85367196406906
664128.5465446596,-1458312.157906939,-400.9195324404365
664376.2635389221,-1458278.5379854809,-366.87128735255527
664623.813483975,-1458243.6647189527,-484.4567383574953
668800.5020015759,-1457467.1569228554,-73.89899574574505
669046.550588251,-1457422.9008319927,-51.21037352198175
669292.1502996394,-1457376.2417823144,-40.77822383932127
669538.1857993738,-1457331.9282733968,124.02570338129243
675939.4460619285,-1456238.0294936756,-161.7875268684137
676185.4845161925,-1456193.7729533815,-207.20461125438572
676431.328214051,-1456148.4653726462,-224.35314279206722
676676.4148018047,-1456099.184918316,-192.30289618629507
654738.1053420488,-1458949.3366936822,-437.36775508829254
654981.1018544333,-1458890.678533515,-441.830178771583
655226.7459187708,-1458844.9262409152,-285.14161883822567
655474.3211833771,-1458810.318821837,-340.25745945617746
662858.0994348993,-1457514.7029067292,-367.1050801486937
663103.8650003381,-1457468.8907846182,-184.48428307302493
663349.7705521899,-1457423.8395989696,-186.2625718478693
663595.7433953926,-1457379.1673715957,-231.81158613153343
663842.5864070614,-1457339.8606537764,-225.1788550587329
668763.9157270868,-1456469.7982083622,-229.16163422932541
669011.2423109584,-1456433.4362858792,-186.18356822059255
669258.3941453138,-1456395.9386358282,-345.66145687223786
669504.8350823306,-1456353.917742707,-332.4565508624274
675657.1030182326,-1455267.4676604525,-425.82305313875895
675904.1405234314,-1455229.5723948537,-493.8026251723217
676149.3959279461,-1455181.742731462,-578.2996570493399
676393.572220071,-1455128.2970157152,-607.0299201980342
676324.6956445511,-1454134.3930137896,-534.958852580289
676078.3327266112,-1454176.8650415682,-442.7872638297074
675831.8747489619,-1454218.7885933355,-422.63035248462563
675585.6919717598,-1454262.2946763057,-422.2167075449721
669186.0061272741,-1455396.6113470336,-455.23641621630753
668939.6479955595,-1455439.0844706486,355.7057590526495
668692.997044785,-1455479.834830512,-331.2235655104803
668445.9383873605,-1455518.0610588472,-231.0426791622223
663030.8563161034,-1456469.326597171,-285.6825069450241
662783.8613766517,-1456507.9606983804,-337.68491297308293
662537.3042293029,-1456549.223559022,-370.77162078827286
662291.5524013195,-1456595.0750856576,-288.25559267370363
662045.3815097365,-1456638.6377787702,-156.82276759260424
655151.1478185849,-1457838.004701586,-108.81751986354092
654905.9743067233,-1457886.792595996,-74.59193925207381
654661.7561808372,-1457940.2166824958,-68.88153254269253
654418.4294819301,-1457997.5703609816,-42.42835171484529
676135.5591393698,-1453130.0053769983,-66.36407621742148
675889.5166605853,-1453173.2417987012,33.89851455600686
675644.1528463741,-1453221.1146560365,-337.7069310695554
675399.606309556,-1453273.018615851,-225.00250043744978
675155.4432235073,-1453326.7105046497,-355.58392633765675
674910.8992651431,-1453378.5753562842,-178.81207357305783
674665.4169038582,-1453425.8422580068,-281.2738954459992
674418.621422761,-1453465.5625700136,-374.3333629851203
674171.4394853817,-1453502.8482553365,-429.5242939860806
673925.763711261,-1453549.0155954566,-495.24531431124626
673679.8682412622,-1453594.0896748865,-206.30900420101608
673433.8657089119,-1453638.5609434603,-272.3032250134253
673187.4571759271,-1453680.7474597646,-264.4741199458436
672941.5576810578,-1453725.8049870871,-419.5511510149797
672696.0986077857,-1453772.9928005184,-214.75213855567185
672449.075993946,-1453811.2929642517,640.9336039184252
672202.7548569102,-1453853.948007339,-24.357506774902653
671957.0492047431,-1453900.069225738,662.6623604957172
671711.4702837907,-1453946.8646115959,31.18081131068425
671465.2381730417,-1453990.0450480143,-38.24796768476381
671218.9264021313,-1454032.7986969508,-31.77980522207374
670972.8750634969,-1454077.0463513746,-45.6959458122206
670726.5088156709,-1454119.502352715,-148.7670591859275
670479.6311346062,-1454158.8239944293,-50.49845676970031
670233.5863333371,-1454202.9184534617,40.07949806308616
669988.0356047017,-1454249.8181781184,48.30335304991502
669742.324104141,-1454295.7721379893,-51.95842818659861
669496.0370576851,-1454338.6645892914,-197.55234929993088
669249.2722155805,-1454378.361564071,-165.21396009983542
669000.8793238595,-1454406.4359131875,-115.81924914932029
668753.2147227814,-1454440.2020542768,55.81456260002426
668507.4543719635,-1454485.761094963,57.964750840578006
668262.7492470368,-1454536.839633452,-35.64538562081924
668016.6616189461,-1454580.8078514196,-219.76016665880837
667771.1813843653,-1454628.0333571935,-194.30366221684727
667525.2779351063,-1454672.9098585146,-212.54386623141443
667278.4150644577,-1454712.3750841417,114.60794648530234
667031.4223841389,-1454751.016081249,87.52355606994487
666784.2718262695,-1454788.6330575638,54.1564881805364
666537.242133814,-1454827.0404058392,52.784866700007804
666290.5903325996,-1454867.7440945157,95.29446978912736
666044.9647840449,-1454914.242886674,75.87063569285361
665798.9755830719,-1454958.816012217,-104.22527115346003
665553.0665539643,-1455003.8443399526,-124.23296904881042
665307.5653670644,-1455051.0358243007,-73.30662280400335
665062.6021400711,-1455100.9091614538,35.68787478844061
664817.0994188756,-1455148.0891671712,-248.91140637495806
664571.7003224147,-1455195.8021446385,-109.64310450951473
664325.2298732171,-1455237.353572484,-169.0407222554174
664078.2380458708,-1455275.9885953288,-191.3266898366332
663831.8314897015,-1455318.1496330407,-120.24831451549778
663586.0829517205,-1455364.035271983,-165.73478109392732
663340.857632513,-1455412.643651623,-114.40009029024628
663095.1580162374,-1455458.6211857076,-173.23770945529452
662848.5342071832,-1455499.4425160112,-32.508056405362794
662603.0515863142,-1455546.6931998737,-21.997053497722817
662358.1267389598,-1455596.7947505051,-60.863643801161345
662112.4373180966,-1455642.872094603,0.20518076238408867
661865.7827289192,-1455683.5961486984,4.951592661687513
661619.9453535308,-1455728.9164673702,-62.484126705519685
661374.0346947294,-1455773.5399404045,-4.879023650610662
661126.3269408514,-1455807.2292240697,-14.601794353738597
660879.0323996305,-1455843.6925964209,-76.75082901950822
660632.8564658057,-1455887.2095697331,-84.31340681365364
660386.9883035145,-1455932.4593378822,8.244967792321205
660141.1433143064,-1455977.833867805,-23.196870054187457
659895.2355433784,-1456022.8608773719,-38.085693843422916
659649.6260274212,-1456069.5015523585,-89.44186028637063
659403.5577046573,-1456113.601634391,-115.46402961493834
659157.020302603,-1456155.0171403696,-170.63038675849174
658911.3291317659,-1456201.1870664835,-220.09016406166677
658665.4213225093,-1456246.2171906056,-104.62501107936606
658419.3490595308,-1456290.3517123244,-165.43022763250917
658173.18582039,-1456333.9261855774,-80.42283028212813
657926.2814498557,-1456373.106197267,-231.4696694886211
657679.4048825038,-1456412.4869262646,-137.53527297589213
657432.834797571,-1456453.7420635587,-328.37330094197034
657186.2750619131,-1456495.0589514552,-179.79256279490366
656939.2879237803,-1456533.7196674685,-376.3006425519052
656692.9949377422,-1456576.5087064342,-506.037149449547
656447.2058146332,-1456622.1832943673,-227.2713293136336
656201.2722116392,-1456667.0805334935,-224.0435350566355
655955.3732325232,-1456712.1531114269,-274.16346279624656
655709.5510637125,-1456757.5851930887,-280.6711208603769
655464.8112628849,-1456808.5539018016,-200.26307996230798
655218.855369392,-1456853.003423403,-176.9130486782579
654971.5418498148,-1456889.4480607442,-467.7071683713358
654725.6393770006,-1456934.2190716213,-28.288332806314486
654481.1284384108,-1456986.2981573793,-205.4266322797784
654236.4708270608,-1457037.6398943576,-172.19949869578085
653989.1776968286,-1457072.4404461791,-87.72530112439225
653740.4688180159,-1457097.6849327325,-317.8282718549587
653491.8526524184,-1457123.8770852457,159.767722034348
653243.4502204597,-1457150.8947230869,-100.56322328229487
676059.6564524738,-1452142.845225439,-552.1330814731697
675814.5079800104,-1452191.7821704703,-552.7869725065698
675569.8949709702,-1452243.374788296,-562.6786440154789
675323.6767990314,-1452286.2654440298,-294.06166923990526
668924.4060563071,-1453414.5431067958,-291.09548994502575
668678.2126732061,-1453457.993117898,-288.38798060023885
668431.8384645445,-1453500.3799808042,-238.8991283681214
661292.78033047,-1454742.8915662623,-302.2823735117951
661046.4964302105,-1454785.8240115186,-323.0563881971944
660800.1824971478,-1454828.57929724,-316.55943896754513
660553.2934092056,-1454867.8560736366,-397.22298067835544
655139.6880877427,-1455833.5015623244,-377.0698157939633
654892.738221581,-1455872.3939245096,-381.6723012875025
654645.7414257379,-1455910.9718143134,-438.47267343485447
654400.11929791,-1455957.376426755,-451.0754648031939
654210.0411916106,-1454986.7067145118,-476.9802359683699
654456.5985706428,-1454945.3787668317,-397.3946645966476
654703.1500331269,-1454904.0498726647,-258.29714772062204
654948.362092293,-1454855.4731187443,-247.9288178621237
659867.7605136795,-1453966.1868643065,-245.52104069936075
660113.4324069696,-1453919.934919321,-251.2466165177981
660360.1320403691,-1453879.5890525747,-284.3045612917299
660607.2527676864,-1453841.7788473605,-314.52158183139875
668239.0765186889,-1452509.9470736962,-724.1060002651604
668485.2114502933,-1452466.1814323373,-693.6026087085168
668730.5256059864,-1452418.0625820756,-478.7096056150344
668974.9745938755,-1452366.05745038,308.5753524508744
675124.8077169791,-1451281.5894350717,-384.11616194218107
675369.7330868979,-1451231.5490894332,-449.1901017524708
675615.9814549702,-1451188.5360866832,-435.27253876379336
675863.2099543166,-1451151.4556209587,-347.27502671227523
675766.0102257655,-1450143.576658693,-161.95130321663964
675519.975343169,-1450187.9106094812,-188.4050554595811
675274.0233168652,-1450232.708026631,-199.6180245841952
675027.9689307631,-1450276.9410769157,-195.46045684511802
668633.3031239689,-1451432.7025884774,94.43760232988882
668388.5535459224,-1451483.6220154914,-57.38755406961124
668143.2970030246,-1451532.0775275247,-45.669228609511265
667897.3706663746,-1451576.975082275,-43.13136806079291
660016.7121683729,-1452933.4593273515,-274.34847507351566
659773.119015369,-1452989.6508305196,-219.14121346772953
659528.0800642805,-1453039.0540126716,-240.65378106401897
659282.4612722738,-1453085.6221384464,-180.04851861661473
659036.5224020097,-1453130.3464871654,-162.85198769778168
654605.7673582251,-1453906.5467261863,-370.22274392103276
654359.8168076338,-1453951.1484047724,-539.5609470551517
654113.4421844499,-1453993.5590906504,-584.3098383322107
653867.2619336083,-1454037.0708999352,-553.5128586143707
653914.5327882007,-1453036.1034818052,-265.27544822650987
654161.800270713,-1452999.357528019,-267.54796114045723
654408.3846122691,-1452958.2594489574,-40.48201841775517
654653.9249444262,-1452911.3241802102,-100.86355693606725
658333.9147410903,-1452212.9265911505,-139.5449484086314
658580.6469618023,-1452172.6527555562,-140.65488094875514
658827.6546640814,-1452134.1050969653,-133.18345220694033
659074.6663601713,-1452095.6007280687,-205.94144582752062
667934.676969465,-1450525.937487058,-143.93176513196542
668181.4929484295,-1450486.1753758264,-131.27956805097398
668428.2015855322,-1450445.7916960907,-129.70970379809512
668674.259367674,-1450401.5840523762,33.56580751133404
674815.4490493627,-1449290.96390557,27.282776009306303
675062.5884306255,-1449253.2809532299,-4.968670573460713
675308.9848643196,-1449211.0401084956,-61.85499974160598
675555.5009893167,-1449169.4816945258,-67.1350637142674
653453.8463860034,-1452105.142137805,-126.38377947447822
653699.1599127175,-1452056.968112504,82.90921190046734
653944.8424056452,-1452010.735144703,14.625078615757005
654190.7480611025,-1451965.6839369177,-54.40833738951924
654436.1857373896,-1451918.1612161659,-396.05304028993606
654680.989413292,-1451867.4725294176,-259.15286702679543
654925.3555755933,-1451814.70865711,-186.90405175604522
655170.3478189014,-1451765.010709932,-122.84867888011453
655417.3558187687,-1451726.9388983094,-69.59835246721195
655664.6948892165,-1451690.744239187,-133.54836630546527
655911.0661754278,-1451648.3262690387,-171.32575048459387
656157.6840930359,-1451607.3878140033,-162.17198172503646
656404.8645836263,-1451569.9709525614,2.8603419981657225
656651.6974912673,-1451530.3294137886,53.02448153392453
656898.236846385,-1451488.8812316193,-60.56727796231263
657144.5446816108,-1451446.1005295874,-77.91177551717362
657390.3365736544,-1451400.4359285673,-112.99727701546419
657635.9231375286,-1451353.673438176,-184.97780138964976
657881.1569074506,-1451305.104327465,-315.33391473769547
658126.7405239715,-1451258.3749271387,-125.689996199478
658373.1523655785,-1451216.2038538433,-68.66130644673325
658619.0137912482,-1451170.9521184207,-103.10302601695918
658864.3087487955,-1451122.7003567447,-77.35080801914307
659109.5394297153,-1451074.1318037896,-108.9691065941899
659355.5159268425,-1451029.5034676527,-95.15642364375785
659602.8023766462,-1450993.06733654,39.96993255909419
659850.8393680154,-1450961.862085517,-30.97049313027108
660098.4488771994,-1450927.394432859,95.05340780295427
660345.4325103607,-1450888.7439468703,-1.0695725982956148
660591.7562029389,-1450846.0511903304,-39.37232290160526
660837.4308526516,-1450799.7901556802,1056.3000754484622
661081.4614873877,-1450745.7153354206,920.7086112252242
661322.2844909885,-1450678.7978474742,10.742789064143807
661561.8211105722,-1450607.2437808637,-134.64651563692152
661801.0025898075,-1450534.5171660108,-13.046288613683004
662043.4092528836,-1450474.4139606315,1203.083882967218
662291.1031275484,-1450441.755079101,-549.1312971826837
662539.9393964289,-1450417.7190784123,-164.98656622403928
662789.1901841228,-1450398.4868465373,-209.32235562390608
663038.5890491013,-1450381.217271419,-260.50986959980094
663287.0483798749,-1450354.3928491506,-402.01244619319516
663534.1458771563,-1450316.47789783,-107.60949580844505
663780.4925862009,-1450273.9286974117,-55.54027661886511
664027.0051756355,-1450232.3434478003,-218.627779887315
664273.6520506853,-1450191.5467744037,-185.68227835087652
664520.1462549776,-1450149.8358615516,-123.90089291325376
664766.2281338093,-1450105.7762294654,-123.79679378432178
665012.0249907814,-1450060.1392230922,-159.71268961797978
665257.7603923978,-1450014.1890976108,-97.1409360706275
665502.8111157299,-1449964.7057537278,-78.62443369191507
665747.3219345193,-1449912.633470698,4.108931565782001
665991.4989129915,-1449859.0035522552,-13.350317522901605
666236.1473233108,-1449807.583322904,-184.3416508634008
666482.3006605434,-1449764.18864021,-48.7026782830347
666730.0392389165,-1449730.7628130221,-59.89176200059073
666978.1961992726,-1449700.523615458,-65.38200487556583
667226.13842818,-1449668.830075075,-761.2141842674274
667472.9035158849,-1449628.7912286283,-40.44022600085587
667719.1010142997,-1449585.3940155474,110.87450150629353
667964.2387110248,-1449536.411387595,99.1651115573717
668208.8789657399,-1449484.9301849182,-102.91653522715033
668453.7818044161,-1449434.7179403172,-19.028768457867386
668698.8398181192,-1449385.2780570458,-88.64547124048758
668943.0610161149,-1449331.8872331681,-45.44183512457471
669188.3272345862,-1449283.6207543553,-57.30405548296628
669434.7922395183,-1449241.755535663,-14.132148815545946
669681.3587482787,-1449200.4893324948,-11.629927683693921
669928.699691674,-1449164.220045345,-49.27140360088197
670176.2501690299,-1449129.3889441001,18.93055413829802
670423.0332466615,-1449089.446988342,0.11916573323804869
670669.7658568869,-1449049.1706451878,-103.08736390841086
670915.9804741631,-1449005.8759752116,-36.03377194888188
671161.6320694612,-1448959.4610325184,19.627365538989217
671407.5972698784,-1448914.7437346368,-55.25998764930644
671653.3210475389,-1448868.731745014,-5.75616470702542
671897.9594442211,-1448817.3984874936,-83.23035438652558
672140.9764042003,-1448758.7727145136,10.781671159029647
672385.6154584084,-1448707.499214053,-32.77174179386026
672631.2057713274,-1448660.7560681282,34.911986481839776
672877.488787942,-1448617.9339942094,28.094387848568786
673124.5278279347,-1448579.5799967165,-221.82356250817696
673371.6494249154,-1448541.7578533886,-216.5935574364903
673618.7547383945,-1448503.8313727237,-146.4254090469954
673865.6511959822,-1448464.569361081,-63.422553710412785
674112.4946337192,-1448424.975610803,-91.30773863767769
674359.1365357046,-1448384.1443387186,1.4653107528273495
674605.4682308276,-1448341.5159971747,-76.97856804907536
674851.0566026416,-1448294.7829517436,-148.91725229463776
675096.1554202547,-1448245.529893241,-259.7212003502942
675341.4437147474,-1448197.2573491607,-65.12220673966696
675586.7116775665,-1448148.900747266,-844.1896362437061
675118.7483677673,-1447233.1033166626,203.37436249988897
674872.0459518459,-1447273.4746141916,-39.2923297451959
674625.0465912331,-1447312.067421557,-65.56824741373981
674379.2156863157,-1447357.290872329,-102.54034140956351
668229.1832122426,-1448456.477723962,108.52530246224676
667983.4557401427,-1448502.4718621126,-95.22454592328393
667737.3664276558,-1448546.5126456746,39.607222168673474
667491.4521749465,-1448591.5114822076,-26.228452953737502
657647.2518318291,-1450333.3050129719,-370.9089248777772
657401.2359602292,-1450377.7504888813,-387.13631520289266
657155.2478884319,-1450422.3252125902,-416.41609406348414
656909.4973127729,-1450468.1918036828,-55.325682025962635
656663.5299181206,-1450512.8996380996,-18.550315263600226
654195.6146556725,-1450908.843813879,-344.0972205552403
653949.7830871663,-1450954.2652128793,-327.9935527292963
653705.0023736311,-1451005.0307645353,-293.6519128723928
653460.4076398766,-1451056.717029392,-215.9773779131482
653346.2027880948,-1450077.6591056406,-159.33809598862433
653585.3718672154,-1450004.9350682497,58.11878540087582
653828.087493618,-1449945.8580174854,-85.51103386875968
654074.8946820472,-1449906.8405938125,-59.24836008962956
655794.7075434311,-1449598.6320855983,-177.11661185375385
656042.9597944802,-1449569.7817723784,-233.59167357104326
656290.9665269797,-1449538.9692664735,3.091974588800724
656538.1649844736,-1449501.7265525265,-41.2611375717384
656784.6297287795,-1449460.0861913615,-58.17054299633986
667362.9070980444,-1447568.0510453372,98.15035569341936
667609.9943049031,-1447530.0219061202,62.0649269674619
667857.2878890663,-1447493.418243396,27.657584379906183
668104.744296904,-1447457.9112133852,32.43854815794762
674255.4877882795,-1446364.7817371069,-455.29009975333537
674501.3570687991,-1446319.5722240494,-432.4237530699012
674747.4694192861,-1446275.6662522736,237.90036757223118
674993.519037202,-1446231.4446398965,-303.1869524037926
653377.9988044443,-1449052.4178506916,-272.1013046209331
653622.6651931239,-1449001.239159227,-323.7999570860769
653866.447698285,-1448946.0718707168,-96.01741081257364
654109.7374452761,-1448888.7021377813,-124.45724925783483
655100.8712066825,-1448762.3853452639,103.48952177986772
655346.0645789881,-1448713.750496113,17.336012652139345
655590.0140215011,-1448659.1406295418,164.10162401147448
655833.0795220751,-1448600.703052208,-11.531485100113173
656077.7842543081,-1448549.725791985,75.60718760826632
667397.5737711588,-1446572.3339299979,146.9288728984448
667643.7770527274,-1446528.948261519,332.21944724796685
667889.8751587034,-1446484.9554278178,250.88241891070425
668135.6924375333,-1446439.4412989223,205.48809993544467
674296.6137311559,-1445419.6020571925,126.4166590382619
674543.2393158674,-1445379.4747365308,166.47462444535523
674787.1847928166,-1445324.9552545142,124.28072067932966
675027.9050493999,-1445257.811427617,18.996351460067178
674803.2315750757,-1444243.3599205522,-113.50544643361047
674556.9755984928,-1444286.1343791871,-306.9929728126934
674309.699465461,-1444322.7818536272,-359.34579700736845
674062.2002208963,-1444358.019945705,-382.4605951669947
667913.1105117982,-1445460.2693568286,46.76458304842626
667665.9982581579,-1445498.1420062957,1.4556127618063925
667419.142720383,-1445537.652755218,-260.20963387363906
667171.9156083729,-1445574.7527188912,-303.21338443225477
655111.2281385042,-1447693.1410165774,-154.08700311549165
654864.4021477452,-1447732.7856097312,-177.5830331606209
654617.6766427924,-1447773.0665706624,-109.05228049297924
654371.1791741957,-1447814.75942997,-63.00555015548654
653880.7031651852,-1447911.4110230661,-198.29286592433698
653636.6971398279,-1447965.8173470544,845.5368146591003
653392.7836539843,-1448020.6329831944,748.7452244106256
653147.1755353981,-1448066.6743950062,-263.7686557284941
675019.9469444256,-1443208.1442613518,-71.9623340416078
674771.6053913877,-1443235.55407271,-99.34256999378229
674524.7235174186,-1443274.6063241013,-118.86006891774639
674279.4621397136,-1443322.9436291414,-454.43011025360505
674035.9169824105,-1443379.2515199038,-97.25999984477848
673793.2972334526,-1443439.5022964561,-264.2166076785242
673551.9447732858,-1443504.6464401989,-175.97819697444257
673310.2892693431,-1443568.266059395,-374.35769077426147
673063.7813604074,-1443608.6604538935,-326.5163578714041
672815.4190651183,-1443637.1766591945,-416.2954929968966
672566.8145169973,-1443663.532920012,-262.560949424984
672318.0362381439,-1443688.1835250724,53.166441085668836
672069.0967347714,-1443711.114811411,37.45798018722691
671820.7346265757,-1443739.5383932423,-47.92415931435049
671573.3454318163,-1443775.4079048992,-472.4541512081071
671326.2176133533,-1443813.1384812568,-432.9424182754692
671078.9062459744,-1443849.6365350792,-352.5881287548334
670832.5967763641,-1443892.3426802712,52.99952689183738
670587.001581397,-1443939.0552191318,45.75363792809242
670341.3068725803,-1443985.2431552748,311.8378271984723
670095.4532509176,-1444030.5829165927,16.106210553975444
669849.5413299712,-1444075.6038992424,-159.1935076058827
669603.5666277115,-1444120.2799032577,-69.61768188639975
669357.5698607259,-1444164.83165915,-24.239571143344445
669111.2113174237,-1444207.3254018791,-53.81633410790704
668864.4006410983,-1444247.1106726977,894.1998007730937
668617.7332068562,-1444287.785696977,-89.31639125388861
668370.965439362,-1444327.8530997008,-407.60898998064556
668123.9539523792,-1444366.3552289698,-5.952725798208372
667876.4483717739,-1444401.529966798,-204.8890511516256
667629.5632847581,-1444440.8202697344,-1157.5639972629058
667382.988694997,-1444482.0308378094,-163.92117042437553
667136.9725735441,-1444526.4691265163,-904.992657117121
666890.9723149982,-1444570.974443703,-21.419962469579048
666644.0393549877,-1444609.9182705926,61.58696583712849
666397.2872359924,-1444649.7483401992,-343.4666733164971
666153.3521093132,-1444704.1548667618,21.640622347380777
665912.2196091514,-1444770.0308291484,-133.67310384479376
665672.9335647477,-1444842.397883555,-29.514453072214607
665435.2059875149,-1444919.7400977067,-173.87947573865517
665195.1005327005,-1444988.6729894055,-269.5865766719287
664950.3138513372,-1445039.2495171246,-186.91480600871003
664703.8842679268,-1445081.2387485767,10.21252479273096
664455.9276514101,-1445112.3221587772,2.733973132231057
664206.682012456,-1445131.4566954104,-74.0702861458717
663957.7955233671,-1445154.8988755199,-100.8457830429106
663708.8448781412,-1445177.744315727,38.96272470719529
663459.9926512098,-1445201.6497318614,105.74021215161048
663211.48170544,-1445228.6135624691,-278.7853365392462
662964.5138784272,-1445267.0921028897,669.0286183941068
662718.6151181102,-1445312.1699265146,762.068210573432
662473.4026144838,-1445360.828481111,774.7634361352934
662228.8764399479,-1445412.8374446495,59.47730529959135
661984.490850146,-1445465.5158629406,762.5360894579185
661739.5437157138,-1445515.4956620352,-65.77179317254567
661494.223095473,-1445563.631058722,-1148.765301960344
661248.8407943813,-1445611.4421231875,792.820688557852
661003.0980410214,-1445657.3716973893,-252.34888644219214
660757.1008725414,-1445701.858474942,-125.37938838921467
660510.299001068,-1445741.68993417,-143.83897924332376
660263.0129693606,-1445778.3939095212,-135.62771737276518
660015.405644362,-1445812.885502448,-108.58331469526743
659767.8296679339,-1445847.524681679,-135.53674489425254
659521.6788084463,-1445890.999950894,-97.52032416998338
659276.8608468218,-1445941.5961774152,-37.728426171580224
659032.1636063833,-1445992.8006745873,-22.691821483018032
658788.1450211662,-1446047.1383257036,122.20480975767231
658543.9643838186,-1446100.7009508687,-95.17152719519441
658298.3345818869,-1446147.1579372105,-257.9717482631206
658051.8570072069,-1446188.9265370483,-509.71006425146254
657804.8523510844,-1446227.4884678682,-557.509507631953
657557.1330188412,-1446261.058808496,-344.4277361862816
657309.4022477813,-1446294.5476647832,-305.19925302540634
657062.4749608245,-1446333.5495545221,-249.4056490560269
656815.2064404313,-1446370.3856658721,-239.13448761679484
656568.2673780979,-1446409.3377358257,-246.8460323661327
656322.3931488566,-1446454.477924759,-304.08069540940505
656077.174740814,-1446503.1280756367,-338.59166842952374
655832.1431907587,-1446552.6987485848,951.8238080346198
655586.1880682982,-1446597.355289449,929.9517751472802
655338.7145694145,-1446632.6050530714,787.1222085949438
655090.81540947,-1446664.9311270078,70.25201478838221
654843.039022305,-1446698.191658131,-596.2171683674651
654594.767021841,-1446727.3338595799,895.6019338496095
654346.5401228,-1446756.5024001088,740.3090156143213
654100.9153780637,-1446802.5181437396,813.6704473328617
653857.880193737,-1446860.9401054115,661.2640150028814
653617.5988156807,-1446929.879576672,-439.31231190517724
653376.4920647199,-1446995.773477545,756.0458778384914
653132.171312567,-1447048.5063495066,-558.1942219739487
652885.948409688,-1447091.704920535,-465.77622208343325
652639.2929685159,-1447132.4538165422,-343.17081757209826
653160.1505246565,-1446005.760658421,-446.2675879084866
653408.5718110907,-1445978.1347047114,687.4121374011636
653657.0255407086,-1445950.5453546972,692.6503860153089
666943.5311575828,-1443582.1723103782,-261.7037270669745
667189.7890173404,-1443539.0946539496,-299.16025375852684
667436.7224271358,-1443500.1491255166,-304.58754912495914
667683.8870656407,-1443462.673563457,592.4587764756633
673836.8542477916,-1442374.5431662707,-291.39625644337775
674084.2941855959,-1442338.900561911,-295.797019639919
674330.7924825174,-1442297.3903550985,-242.5438486546078
674575.7424778857,-1442247.4628090034,-276.4602441164974
652952.8288011515,-1445094.970141448,-129.8132260321262
653199.8848751474,-1445058.9017703258,-121.90737692511232
653444.7448660608,-1445008.5459195408,-182.9540816671744
653688.1589339402,-1444951.6056572453,-214.3542538624384
666727.6380338228,-1442643.2097488162,-269.99330572381075
666973.3083225522,-1442596.922976238,-296.30931389852884
667219.2150652757,-1442551.9225492128,-230.14942725268943
667465.8727572183,-1442511.2045777745,-201.5050065386307
673616.8774740854,-1441420.3448416996,-256.4959929475518
673862.1722237275,-1441372.0738414158,-236.02432003286725
674107.3981211117,-1441323.457375427,-157.32707095614097
674352.3575620556,-1441273.5704533826,-274.45109132877235
674157.9357054016,-1440303.6379268134,631.8563328734072
673913.8033856072,-1440357.4552427817,682.0553478295044
673668.7672982304,-1440406.9644240325,-381.5414683635653
673422.5225290152,-1440450.0589245805,-387.213380712247
667261.4705011769,-1441489.2673213552,-85.75606519811308
667016.9144912111,-1441541.125807892,691.6727590415481
666773.3449720866,-1441597.432620211,511.7228209227314
666529.6246431377,-1441653.1019179616,479.26764391078194
653481.8626735045,-1443857.008227879,-151.32424451673577
653234.4335871937,-1443892.644880046,-123.44685699244923
652988.703036669,-1443938.2900975589,-123.22998149470325
652746.0692227761,-1443998.29553427,269.49503606593305
674118.7710186297,-1439316.1842205017,-177.42788750639917
673869.9893589403,-1439340.607160012,-99.97191839133743
673622.2244028647,-1439373.5863758435,-135.0336997483899
673376.7022237873,-1439420.3045253183,-112.79028883038121
667237.2071507089,-1440541.226891343,-93.75862848393524
666989.897489982,-1440577.7668181402,462.4354105424941
666743.3918844826,-1440619.3349621473,-165.68281992743314
666496.8175428153,-1440660.5208829385,23.27764823034201
653463.2773062973,-1442958.7594780694,46.92985931177104
653213.8730193836,-1442974.5539175395,-96.51340782161543
652966.6935352865,-1443010.9334965148,-53.99753276480036
652721.2337079208,-1443058.34026185,-91.74136717275829
652380.3200850481,-1442086.245837523,3.5556602859665034
652626.9699396164,-1442045.4863402534,-246.91548798316853
652873.9254783184,-1442006.6282901296,15.765594559546301
653120.7367309942,-1441966.838679212,-272.49327021138436
653367.7238409033,-1441928.1576654154,-218.40144608228567
653614.004988698,-1441885.275905348,-8.845808694207943
653860.0542674531,-1441841.0251234388,-20.27362891205176
654106.3342179266,-1441798.0736610326,60.20843804879701
654352.579583308,-1441754.9623472062,-192.43080323573054
654598.0072785454,-1441707.3876366033,-142.9218302791593
654843.6678022571,-1441661.065380357,-57.61863220993209
655089.9867328634,-1441618.3319757576,-48.05640808321655
655336.4343569172,-1441576.3577486386,11.760795008343223
655583.3032983231,-1441536.927138782,122.38825280982229
655830.1722296105,-1441497.493058489,76.55009974102506
656076.5297520194,-1441455.024102162,2.375157695656867
656322.3374410421,-1441409.4465099513,-8.570817125572546
656567.6949309179,-1441361.5058040211,-51.055124586981464
656812.7890831974,-1441312.2404013535,63.10850912349147
657058.1781951198,-1441264.5075294804,106.51155336856365
657304.3326757316,-1441220.8403472635,-29.069405192497328
657550.2745908132,-1441176.0296928291,-72.02016809904902
657794.6517284375,-1441123.465874979,119.14271968493264
658039.9702776269,-1441075.6607241726,-229.2015148136218
658286.9576855373,-1441037.0309972423,-317.04213434865864
658534.4581293939,-1441001.7883355168,-11.971509440315842
658781.6087293227,-1440964.2348463298,-209.2774608016361
659027.5085212095,-1440919.3192812516,-439.1889337101774
659272.44904624,-1440869.2872571573,-238.93975347661
659517.9888610173,-1440822.3650254603,-643.5600747929267
659764.4878965992,-1440780.6947885677,-423.2366355918998
660010.9679712465,-1440738.9092172566,73.18277468813407
660257.293495838,-1440696.2260178581,-390.81011421664965
660504.5451948451,-1440659.4301644522,-194.78504759358736
660752.4021257224,-1440626.7827856333,-869.6579448241196
660999.8173653333,-1440591.0080594644,-509.8971657776245
661246.7148306053,-1440551.7601907337,-705.0053970464646
661493.228939622,-1440510.1916528472,-732.6609729359689
661737.723799435,-1440458.5630584862,-473.73756783450784
661980.5745717178,-1440399.4115571065,113.54851927043568
662226.3606040134,-1440354.1371707402,-736.2674552979884
662473.2040398717,-1440314.5622348867,-375.35161800094096
662720.2535633052,-1440276.2820997501,-392.81401104531864
662966.6649064488,-1440234.1449684096,-226.23162607511279
663212.513494967,-1440188.7910283264,-180.69175303691424
663458.6127768728,-1440144.8122055037,-20.479582765663963
663705.0669388678,-1440102.8916340945,-174.81942734945642
663950.8019141908,-1440056.991266068,-189.84058512490594
664195.9402666785,-1440007.9395060719,-248.19606572528699
664441.54187851,-1439961.2672677047,-289.1484995804438
664687.2068273714,-1439914.9368491082,-116.94423513665072
664933.6918432052,-1439873.2440616894,-185.39497411939942
665180.702914833,-1439834.7314464527,322.59216234598796
665428.1217181045,-1439798.9233773795,-99.60325880409789
665675.7222283743,-1439764.389388568,416.03823862259264
665923.0405338432,-1439728.0153792833,-147.87621635560066
666169.016492293,-1439683.436853944,-89.35330689353948
666414.869229432,-1439638.097510816,73.28418037423083
666660.5518026223,-1439591.8470053659,1094.185178787168
666906.4170597725,-1439546.5973557997,-1300.7397890187708
667152.335866449,-1439501.68271595,-1052.5159705034114
667397.2003388617,-1439451.3044681281,1054.678391765365
667641.4060177589,-1439397.8152693058,924.2730973032726
667886.3828492152,-1439348.0319685,1111.3658390910582
668132.1213451206,-1439302.083756902,923.0658849135204
668378.5243393148,-1439259.879458573,-64.50773528319428
668625.1409360613,-1439218.934707506,-244.76579345595542
668870.2163372285,-1439169.7949538645,-129.68160356993337
669114.1992205535,-1439115.3657458858,-266.28022557393683
669359.6031733849,-1439067.7349513096,-1029.7509694851028
669606.0737401118,-1439025.919849496,125.36644074432957
669853.3074057903,-1438988.9201231143,-36.46315278190367
670101.3218497505,-1438957.5285394606,11.023258387345997
670349.5829468402,-1438928.1171617731,-972.2682932016994
670597.5678904848,-1438896.5356826943,80.39190315771407
670844.6045614763,-1438858.2509347475,-73.91543758869136
671091.0187060977,-1438816.1101223263,-72.8853119898368
671336.228898987,-1438767.490858409,-32.274559050959
671581.4238775707,-1438718.7330339001,-36.813846226905966
671826.4047017372,-1438668.9248443209,-3.2604630558556664
672071.2006385693,-1438618.20098978,-66.18597339869243
672316.3726427476,-1438569.3111281053,78.8119424509617
672562.1325034065,-1438523.6036255446,47.25352896134001
672809.5797666085,-1438488.2194004736,14.13530922739519
673057.2547085579,-1438454.5202631392,27.270272349872606
673302.8963426154,-1438408.2968461816,853.0986323574301
673548.0611389814,-1438359.5752075177,1016.4175763267651
673794.8930029606,-1438320.0618331572,937.0153659040668
673251.76047827,-1436401.339015521,-12.104566367934552
673007.3863048174,-1436453.7783828634,-34.844437933717366
672761.3329320329,-1436497.9871614762,-2.488138057320569
672515.598368018,-1436543.9599111357,89.60067952478398
666848.3612745461,-1437498.5982787104,-775.4293923724106
666603.2937593838,-1437548.0008295397,-697.7324857881787
666358.9579804458,-1437600.8087196518,-822.3187578761485
666114.7923559578,-1437654.3957714175,-856.941560820155
652828.2769920687,-1440014.9414078728,59.948939624506124
652582.6011325945,-1440061.0014737053,-150.13628093420792
652335.6521062498,-1440098.678226958,-47.29092719395297
652088.2447509567,-1440133.8417749098,-61.766248666545266
661598.5587520001,-1466421.846,110.64732894577122
661557.954,-1466175.2165,186.06283068940854
661506.8405,-1465930.515,190.70219207285493
661451.7822479999,-1465686.6625,183.0775084111384
660739.2110039999,-1461498.045,321.32339346893747
660686.386504,-1461253.698,323.56161087204197
660633.12076,-1461009.438,347.1746842619694
660581.096992,-1460764.914,310.27110480776645
659812.3085040001,-1456333.739,-37.54288089939578
659768.402748,-1456087.626,11.460545716938611
659723.907248,-1455841.6185,28.5293258767108
659679.139488,-1455595.66,35.642490955884455
659248.646756,-1453387.485,-144.4226753197002
659195.2889879999,-1453143.274,-174.45497489209384
659154.5025,-1452896.687,-91.28576105343325
659121.4750039999,-1452648.8835,-87.171868391398
659090.566744,-1452400.804,36.828889876181165
659059.681492,-1452152.727,-113.92422916273301
659034.467772,-1451904.015,-104.30399730596594
658975.708512,-1451407.5445,-46.274203536872335
658940.2255040001,-1451160.078,-20.27173227410168
658897.281,-1450913.895,-62.764849046653694
658837.2554520001,-1450671.285,-89.5039389230788
658023.14226,-1446756.8725,-520.4548705728628
657988.835996,-1446509.266,-436.5717980419135
657960.97126,-1446260.832,-389.31342585280333
657934.5965039999,-1446012.2325,-397.3101711167811
657227.532244,-1441824.6335,89.5684706314548
657176.4649879999,-1441579.9075,-138.70471193874846
657126.2007559999,-1441335.018,-121.49381266873068
657077.3629960001,-1441089.8365,-31.27487079262474
658055.1815,-1440754.38,-19.772971544205518
658098.8042479999,-1441000.5255,-21.186665259213243
658147.345752,-1441245.7655,-28.246851822228678
658198.794504,-1441490.4105,-102.95023207408971
658977.6622520001,-1445666.7555,-83.96891336252722
659023.2907479999,-1445912.5525,-262.7214814543869
659065.2945,-1446158.9765,-270.78213695522834
659099.700496,-1446406.586,-73.32573028708774
659838.0099399999,-1450589.536,-9.592994277207396
659899.388464,-1450831.8655,11.251694997702813
659948.779248,-1451076.8305,17.75864510854302
659985.440748,-1451324.1035,1.6980749616172517
660323.405508,-1453294.855,47.48267109145161
660367.31226,-1453540.968,15.706366426834734
660412.9742439999,-1453786.762,45.00660708569569
660457.1812560001,-1454032.8195,56.057189839365265
660499.98374,-1454279.1275,188.7789963202497
660545.1519960001,-1454525.0025,183.2105382135377
660595.152744,-1454769.948,-90.59475061932085
660643.168256,-1455015.2605,-178.89627000900538
660722.1759960001,-1455508.965,125.62880360393757
660758.688244,-1455756.2815,109.1452698542538
660796.417248,-1456003.412,41.39058419438999
660837.8200160001,-1456249.9575,27.955633310446274
661554.492992,-1460437.805,452.7875922788136
661585.505248,-1460685.873,630.9456587257864
661617.326996,-1460933.8385,279.6135886009426
661649.302508,-1461181.7835,497.9474992059202
662476.5147439999,-1465601.6615,339.47801915074285
662518.212756,-1465848.153,167.8719078436592
662563.903252,-1466093.9425,327.03652151700953
662609.218512,-1466339.792,303.6261954667142
659067.5692360001,-1440610.147,-484.1203001871875
659111.575,-1440856.223,-508.0937516314866
659150.563756,-1441103.162,-447.6417857052192
659190.088732,-1441350.015,-388.5095858999601
659962.447744,-1445528.1475,-327.58116408306523
660003.6610399999,-1445774.7275,-299.45219297556906
660044.5577639999,-1446021.358,-97.92423601332987
660082.829252,-1446268.4075,-299.9158133722915
660811.757244,-1450453.3375,34.24682720557541
660858.6242479999,-1450698.8965,6.426629163890503
660903.5152639999,-1450944.8275,59.77745427273691
660951.9377560001,-1451190.088,19.52180535317921
661594.34252,-1454882.9855,-122.17401944347552
661635.473752,-1455129.5755,187.46046089862097
661675.788256,-1455376.303,360.6673288361562
661717.06998,-1455622.869,348.94259727578304
661763.023492,-1455868.5955,187.30338015170742
661813.347248,-1456113.474,281.70066385143963
661866.190004,-1456357.8235,8.436450829940384
661916.294988,-1456602.746,-29.718448073955813
662571.828252,-1460294.7485,468.82741684620447
662615.741504,-1460540.861,526.2662011061257
662657.146008,-1460787.3975,331.62305828702523
662694.88302,-1461034.5325,431.71008619828416
663393.705256,-1465226.188,383.83695532128274
663432.521244,-1465473.1555,668.7251460372255
663473.7619919999,-1465719.721,330.80873993492617
663516.366264,-1465966.0645,227.2739323114437
660051.416492,-1440502.071,162.164333198909
660087.316,-1440749.475,196.228524270815
660127.3467400001,-1440996.242,60.6369004682991
660169.7324880001,-1441242.622,4.660622865492044
660917.91174,-1445425.867,117.06349162568273
660958.9309879999,-1445672.471,-2.155024006436747
660996.23726,-1445919.67,-237.81602971390927
661034.753,-1446166.6835,-57.59791797243594
661752.167248,-1450101.182,-9.981638222716555
661802.768256,-1450346.005,-81.62836690369573
661850.269,-1450591.4475,-60.71560218395341
661896.428248,-1450837.1485,28.94491904292306
662710.2175120001,-1455262.6195,20.97433121748321
662759.482768,-1455507.6955,2.792805639320136
662799.3355079999,-1455754.466,135.33146895083144
662835.7917439999,-1456001.7915,463.9182279950034
662873.567492,-1456248.9185,68.99780465876893
662912.584752,-1456495.855,20.228567319196713
662953.012544,-1456742.5625,-68.88048483987984
662994.4417359999,-1456989.1035,-153.4809726207443
663034.575012,-1457235.859,-438.08176937968096
663077.252008,-1457482.1875,-282.61419788749765
663120.343752,-1457728.4445,-78.64342873155073
663165.583996,-1457974.3155,-60.69890532779817
663543.77574,-1460191.745,733.6128060523978
663584.419256,-1460438.421,715.84645140688
663624.005,-1460685.263,1002.5304807645396
663662.322752,-1460932.308,679.6596955555342
664387.132,-1465119.0565,597.2675828639987
664425.622488,-1465366.0745,155.38383051421243
664462.8407439999,-1465613.2875,485.10937040730073
664501.98552,-1465860.195,84.94967837863412
665465.619748,-1465595.7405,338.107048265688
665417.6485080001,-1465350.4235,381.87371211934936
665368.8092560001,-1465105.308,425.0101453425445
665338.9445,-1464857.2335,257.0308520063411
664600.3099760001,-1460673.963,237.40595585742204
664558.287492,-1460427.541,299.73953034585577
664510.4594919999,-1460182.1625,234.677026981082
664458.218996,-1459937.695,241.82281500663476
664354.407996,-1459195.977,52.97057754418745
664325.675,-1458947.703,104.4460026713491
664280.3715080001,-1458701.9385,200.14739618477438
664226.362488,-1458457.8705,-11.9339688010499
664184.318244,-1458211.504,-75.68665452410721
664148.2955,-1457964.1225,-61.59586533585127
664106.706,-1457717.6185,-79.75344650861393
663756.430008,-1455748.753,112.12219244953724
663720.992248,-1455501.2825,37.616797270982545
663681.2782599999,-1455254.464,31.659595202497314
663637.909244,-1455008.2575,34.10983581452666
662862.860496,-1450829.891,14.328209490026666
662815.029736,-1450584.5105,-116.81593754225258
662770.202508,-1450338.599,-177.15371905322579
662733.69374,-1450091.287,-269.5959477733593
662008.6297439999,-1445906.4485,0.620872550929171
661949.594,-1445663.5205,24.856181191490734
661893.792008,-1445419.8525,-17.209036528589728
661846.385748,-1445174.4105,643.0918340394242
661100.936744,-1440992.12,-778.6166439633993
661055.153744,-1440746.369,11.278387268250981
661018.204752,-1440499.138,14.323457251399645
660985.6922439999,-1440251.262,-710.569445086694
666454.7032519999,-1465508.882,-131.35630302115146
666394.892492,-1465266.18,63.32940062060203
666344.5385,-1465021.367,106.69913369965786
666306.965756,-1464774.2555,123.25009706546626
665664.407508,-1460830.821,-220.58668726547546
665619.7287520001,-1460584.8475,-169.45060908726276
665572.4162479999,-1460339.3705,-303.42991216471853
665524.5452640001,-1460093.997,-265.3131640723065
665475.837516,-1459848.793,-180.59813207355296
665427.887504,-1459603.4355,-254.7133500516183
665380.8999960001,-1459357.893,-328.98140979115146
665334.861,-1459112.169,-358.79559918396797
664696.9762479999,-1455671.641,116.39173627503266
664644.570492,-1455427.248,-50.353864540664915
664608.02224,-1455180.0255,-42.843038871049544
664580.6095,-1454931.5405,-195.5127446642734
663889.4415040001,-1450742.236,-74.73904282043776
663839.4692480001,-1450497.2795,-21.645136645277603
663789.9415,-1450252.236,-36.37450592723201
663742.228256,-1450006.834,-70.01135056496076
663026.3124960001,-1445821.286,53.76596291306592
662973.4405,-1445576.96,9.622313746288839
662917.2767439999,-1445333.3505,-38.46224921802231
662861.170492,-1445089.732,960.6106364218075
662145.166252,-1440905.2995,1048.5893744419343
662086.199,-1440662.3555,10.587459684224026
662035.0447320001,-1440417.769,711.98776435842
662001.0020039999,-1440170.144,51.86905362795397
663018.4447679999,-1439952.849,-180.91027640842628
663059.1874879999,-1440199.495,-164.3033908648111
663103.972492,-1440445.449,-113.58230964768353
663148.0955239999,-1440691.522,-37.74418724188513
663824.7935,-1444884.7195,-202.09838315742425
663863.6277520001,-1445131.6815,-93.22188189402107
663902.459508,-1445378.639,-71.90991405029988
663938.5562400001,-1445626.011,19.3559740254353
664750.8714960001,-1449795.116,165.27090081507458
664782.32924,-1450043.1275,66.9678884395264
664817.5942320001,-1450290.6175,64.16982282150889
664857.9887519999,-1450537.324,7.172499068848879
665619.1640039999,-1454715.579,-371.5490002623392
665662.4555040001,-1454961.7975,-308.2327173480733
665707.883248,-1455207.637,-10.049933861982936
665755.23474,-1455453.107,40.029191503587754
666517.8289879999,-1459629.3565,303.33276939654087
666558.9775,-1459875.944,278.921536425717
666597.4802560001,-1460122.95,126.53839854138188
666631.556748,-1460370.6125,104.92974964526152
666661.8699879999,-1460618.762,-309.34050845518954
666689.231256,-1460867.253,-404.9239189520803
666719.6255,-1461115.39,-10.354509941266429
666751.42976,-1461363.3255,-85.65963299770362
666795.551,-1461609.336,-6.68345838473806
666850.804992,-1461853.133,77.55574806210666
666909.530256,-1462096.134,65.48345382938328
666964.789012,-1462339.9035,86.0347197895669
667351.080992,-1464555.907,-136.06971598165495
667386.630504,-1464803.3625,-176.09410182714248
667420.8610040001,-1465051.007,-163.74229843238214
667459.479016,-1465297.981,-10.125933106147414
664009.8200040001,-1439792.5015,-499.4458627383303
664054.152988,-1440038.535,-401.92929093394383
664100.551244,-1440284.181,-258.7755043578274
664137.988248,-1440531.3135,-344.4319022139071
664865.1099800001,-1444718.24,-327.21349692928794
664908.1237479999,-1444964.499,-261.6754268095474
664955.2200079999,-1445210.0215,-327.6441989860494
665002.141748,-1445455.5785,-222.1741377781408
665740.298556,-1449640.179,255.72088175058158
665783.0392440001,-1449886.4975,158.2291178338547
665824.57322,-1450133.0195,-14.738720900530154
665867.941244,-1450379.221,90.4223186503973
666609.1195,-1454563.376,157.0084532200591
666653.401248,-1454809.417,41.60228725864015
666701.476004,-1455054.743,6.037987717211735
666752.092748,-1455299.564,-0.3152186713753409
667479.774004,-1459485.1845,42.52078934353398
667527.8457360001,-1459730.5055,30.038871212066365
667567.0267480001,-1459977.3725,110.94766350838005
667598.75824,-1460225.3255,130.67002357505444
667960.0827520001,-1462192.2025,-457.48913600028527
667999.4917479999,-1462439.0585,-203.46642558446842
668033.41,-1462686.742,-415.94619272751163
668069.1009679999,-1462934.1685,788.0911767015848
668110.2694839999,-1463180.7505,27.407574208462663
668153.142496,-1463427.0475,81.76548887570858
668197.356264,-1463673.1055,121.0821380558982
668243.5885,-1463918.7895,114.51756026913246
668339.9812479999,-1464409.4095,-240.75847545351684
668385.895744,-1464655.1385,-109.74865464782334
668422.8655,-1464902.367,-99.94775603227492
668457.5207400001,-1465149.952,145.72883761601884
669546.33,-1465343.708,418.97844132574534
669502.447004,-1465097.606,227.81882682214007
669456.5772599999,-1464851.8485,207.36136003914197
669409.75974,-1464606.276,258.8341225157269
669360.260244,-1464361.23,3.0401570249540555
669306.52374,-1464117.0845,144.40265462704554
669248.14426,-1463874.0,74.86909983839433
669196.101256,-1463629.55,92.80501077324442
668578.8155039999,-1459932.374,193.89985704833714
668533.184248,-1459686.5755,157.4266284494273
668486.4717519999,-1459440.983,430.9721895010981
668437.502008,-1459195.83,375.1736227055876
667706.353744,-1455011.659,-397.7315403958311
667664.8562520001,-1454765.1565,-272.19748869875326
667631.093756,-1454517.454,-394.21661200514717
667595.09202,-1454270.0765,-417.18831358287775
666841.585,-1450088.8485,-66.46030247017339
666801.7407479999,-1449842.046,-98.45433021891982
666764.1492359999,-1449594.8915,-8.469476926277224
666724.71874,-1449348.0305,-97.82675794889408
665936.803508,-1445175.7445,-175.72525974495233
665894.67326,-1444929.3735,-142.52306126393393
665859.2442640001,-1444681.901,-110.12648138647289
665820.163256,-1444434.989,-123.65298743701538
665065.629752,-1440253.974,-293.35221019124276
665019.586504,-1440008.254,-359.4673531464215
664969.7632439999,-1439763.278,70.66035427506301
664918.025748,-1439518.7005,-245.84919720437122
670465.661516,-1465185.531,-46.91468414682953
670416.1225,-1464940.5315,-134.78927000964225
670367.3579920001,-1464695.3915,102.45412686511077
670326.464268,-1464448.7625,20.61170912395437
670286.613248,-1464201.9675,-62.92122727032387
670252.1100039999,-1463954.373,-266.51048535029275
670213.849232,-1463707.3345,-342.01965727118613
670171.32274,-1463460.9785,-181.4127562018548
670126.1030039999,-1463215.1085,-456.9307649255219
670080.068,-1462969.387,-516.5714017665159
670033.7054959999,-1462723.724,-499.2537933822887
669988.378012,-1462477.8775,-424.99476825427917
669947.5957480001,-1462231.232,-224.07510747124797
669913.6432439999,-1461983.5835,-511.2691178811476
669883.676996,-1461735.404,-331.0485976577494
669845.9035319999,-1461488.2915,-471.6384490555863
669803.772508,-1461241.872,300.6651432048536
669757.0877439999,-1460996.2865,301.3866187917257
669703.97,-1460751.997,266.93934807008213
669649.342756,-1460508.044,60.164872334094724
669598.522,-1460263.289,-136.90072445958282
669553.8744919999,-1460017.3115,-169.91596044477706
669511.4732359999,-1459770.9345,-173.59258060083607
669470.2435,-1459524.361,71.5777781347162
669428.9672760001,-1459277.8005,115.43738939238656
669391.4600040001,-1459030.633,178.09828543011895
669353.5494759999,-1458783.524,35.791994677061936
669311.227996,-1458537.145,-107.31414051814608
669265.505748,-1458291.3655,-220.15384459116848
669224.971744,-1458044.697,64.83747886672836
669189.815252,-1457797.1845,-70.2804805585038
669151.906488,-1457550.0865,15.080192186039511
669108.318008,-1457303.924,269.2437031467474
669063.839256,-1457057.9165,239.51711511238827
669020.344256,-1456811.729,121.23245974425976
668978.402032,-1456565.274,-77.02937657447103
668936.4114920001,-1456318.827,127.4645478913136
668891.452004,-1456072.9085,-133.10662212208587
668844.4627679999,-1455827.365,-230.4135759575618
668795.6755039999,-1455582.179,-351.4875506723638
668752.1139959999,-1455336.018,-494.839888335899
668709.959968,-1455089.5955,-491.2371508196132
668667.87148,-1454843.1645,-372.07961842449146
668625.28726,-1454596.819,75.13363151171234
668579.7699960001,-1454351.006,310.10263199016293
668530.701496,-1454105.8695,-478.3625925771173
668483.191248,-1453860.43,-503.05546095242715
668437.077008,-1453614.7235,-537.701665049585
668398.1084960001,-1453367.825,-264.0939333336425
668365.1340160001,-1453120.0135,-111.694745263859
668328.475508,-1452872.727,-117.0050805345773
668285.3577520001,-1452626.486,-610.4455521295165
668240.024236,-1452380.6325,31.47018857814207
668192.3340040001,-1452135.239,-180.60214189530166
668152.494516,-1451888.459,-65.96602191052276
668115.899004,-1451641.155,28.79417543316208
668076.06004,-1451394.3585,115.58785587800122
668033.883268,-1451147.9395,6.012933840770245
667992.599004,-1450901.373,-179.02683079124895
667950.469516,-1450654.949,-109.8981569869562
667908.68524,-1450408.4665,2.095545416618677
667863.702248,-1450162.5595,-82.20429214789488
667814.558232,-1449917.441,180.64773089621175
667763.4547479999,-1449672.7185,70.59971942012274
667714.0805,-1449427.666,112.07880979019698
667672.8012520002,-1449181.1105,-38.02258712888266
667631.572012,-1448934.5385,-9.103442691442012
667586.663256,-1448688.608,121.59602410335808
667541.376012,-1448442.757,325.5664576520702
667501.1267479999,-1448196.0225,151.65088052116852
667463.19902,-1447948.919,217.17097422690398
667424.784756,-1447701.8895,128.6667948187799
667384.467748,-1447455.1635,26.29914442383449
667345.1437560001,-1447208.276,130.870099282132
667304.419996,-1446961.6225,233.70646961398893
667257.929496,-1446716.0035,325.19406049922435
667204.1652480001,-1446471.8625,271.7406537819407
666944.053988,-1444995.8245,-51.81636767645194
666901.116752,-1444749.5755,-46.04446295640129
666853.664504,-1444504.123,-46.06637448670753
666804.5675,-1444258.9915,41.26347159586025
666042.1665,-1440079.1075,-113.2760668580216
665995.8435079999,-1439833.4385,-108.3192357548608
665947.7530039999,-1439588.1115,171.01269826337938
665896.384252,-1439343.451,128.64331519111096
671365.81276,-1464499.437,-265.93327271373926
671322.004492,-1464253.311,-256.76302346236434
671282.2819879999,-1464006.494,-233.234217466446
671249.2495,-1463758.7075,-363.5478316667957
670511.945008,-1459574.337,36.466097830122294
670465.808256,-1459328.6405,112.46961373504931
670418.5192479999,-1459083.1545,-41.68212666916956
670373.548768,-1458837.238,-24.145927319747315
669663.6522479999,-1454647.286,476.72578680460646
669618.50324,-1454401.398,266.6698028815418
669574.8132520001,-1454155.245,208.83447413717437
669532.2382560001,-1453908.8985,272.21678471049626
668772.759988,-1449728.8185,45.033579692716614
668719.7180039999,-1449484.521,50.14668795595696
668673.833988,-1449238.7865,31.839033062249598
668634.565752,-1448991.912,19.23197383664609
668026.371508,-1445292.8575,82.05087637068598
667985.856008,-1445046.1665,-293.120995275056
667947.0895039999,-1444799.1965,-1149.0644628167117
667903.6624919999,-1444553.0075,-1155.0264559640023
667855.895744,-1444307.619,-1120.6853227130991
667808.56824,-1444062.145,-1155.0264559640023
667756.188496,-1443817.7315,-210.2190749647441
667698.6777479999,-1443574.439,71.6399467375299
667640.4247480001,-1443331.3215,-182.9930236852011
667589.110504,-1443086.7715,-206.17552350839253
667558.263016,-1442838.7775,-147.42329945038077
667533.8509959999,-1442589.9745,-227.9996899779105
667505.311008,-1442341.641,-222.4764760667643
667467.219752,-1442094.583,-2.8279126296159802
667422.1669960001,-1441848.6965,74.29274621992838
667367.37674,-1441604.818,-289.105945780914
667308.564996,-1441361.838,-161.10869181321686
667255.542748,-1441117.5485,-210.91235035918643
667207.342752,-1440872.24,-14.28701311163995
667160.7980239999,-1440626.6145,-228.4850971418441
667115.273744,-1440380.7945,-16.29961678371987
667070.434768,-1440134.8595,-84.37934286212858
667031.6892560001,-1439887.89,-180.98774898327844
666992.704256,-1439640.9525,-1277.3509196631544
666957.294256,-1439393.486,-854.3974538264315
666920.3012560001,-1439146.278,-566.5084880436495
666876.5499920001,-1438900.1435,-774.4390105059124
666831.981244,-1438654.158,-734.2732444857673
666779.6632439999,-1438409.7255,-515.0436557705168
666723.251004,-1438166.1975,-919.5585850780337
666674.65724,-1437920.9805,-527.6951848977392
666633.486016,-1437674.443,-759.1871672571749
666597.24752,-1437427.0875,-568.3146568566681
666558.868508,-1437180.0535,-768.6191637132486
666521.730244,-1436932.833,-123.21777132936529
666477.159,-1436686.924,74.51306225592171
667923.53426,-1439024.6335,55.80666556970671
667961.7612439999,-1439271.6785,375.2748603426864
668006.6677519999,-1439517.599,453.17110371035056
668054.835496,-1439762.9125,184.94225582690478
668783.5829960001,-1443949.025,32.82214402949532
668830.791752,-1444194.527,-45.89982678878755
668879.849012,-1444439.6625,-59.15938467137622
668933.4245119999,-1444683.847,21.95327011181844
669661.4889959999,-1448868.576,-2.997485661041452
669700.917744,-1449115.447,44.83856202820729
669739.8684960001,-1449362.3935,28.84538768004893
669778.7167519999,-1449609.357,72.8498446968662
670513.348232,-1453788.5195,276.2098772507597
670542.802992,-1454036.6875,420.58208016040174
670587.5402520001,-1454282.6,485.62643821108287
670639.3395,-1454527.171,482.4794900872549
671367.591504,-1458710.569,49.39164738448282
671436.968248,-1458950.7245,463.65003421071015
671509.5442720001,-1459189.942,350.2473295586773
671568.8675,-1459432.668,264.40319824349297
672234.8414960001,-1463626.6015,52.58223087544013
672270.3915039999,-1463874.0165,35.62088962277244
672315.80424,-1464119.8395,90.66809122415657
672367.1905079999,-1464364.4925,88.06133110085659
668917.848712,-1438848.494,-1025.8620901098354
668959.886556,-1439094.932,-1060.2531190186626
669005.380504,-1439340.742,-1108.0481787811793
669057.0765,-1439585.329,-892.5456013970656
669791.59724,-1443767.9605,-151.32786858161006
669847.2264879999,-1444011.6895,-99.94913499691557
669899.282236,-1444256.204,89.31977173759438
669948.4007560001,-1444501.33,-107.07836591711029
670627.730996,-1448695.4665,92.46290464113977
670673.448504,-1448941.249,235.94792816265115
670718.624224,-1449187.129,152.0108054136289
670761.35424,-1449433.4495,79.27780698643366
671532.0222560001,-1453611.801,367.13292999990216
671578.02026,-1453857.5285,-65.37668100055869
671627.784248,-1454102.523,13.811334465429207
671679.685004,-1454347.074,14.17488648768897
672390.7660320001,-1458535.3315,-162.98248322402827
672430.4219960001,-1458782.1615,58.237165431179164
672468.182252,-1459029.2905,-373.86613934975577
672507.007996,-1459276.2565,-387.91465955065837
673175.2992479999,-1463466.359,777.0574696815277
673216.259008,-1463712.9795,683.0861450189168
673255.690256,-1463959.8475,717.5021049009736
673296.6442680001,-1464206.4595,517.8261821461265
674350.1830160001,-1464091.9255,373.498399483959
674291.0997560001,-1463849.0665,218.4000243714786
674239.3915120001,-1463604.4815,172.9375977131076
674193.0724960001,-1463358.829,86.81144099304902
673476.7382479999,-1459170.2995,66.76033420797853
673449.6807360001,-1458921.775,-25.524174643572223
673425.93498,-1458672.909,29.19137885493626
673400.320756,-1458424.2675,-61.57863083455641
672640.689004,-1454245.157,-90.70698209846476
672612.1787319998,-1453996.844,136.8617493774335
672572.758024,-1453749.9925,232.98903720406145
672527.134504,-1453504.2,255.97021688739
671783.787744,-1449321.6905,153.33179716246167
671729.855492,-1449077.597,98.64721692298232
671681.49024,-1448832.3605,150.27055983055834
671639.174504,-1448585.976,141.2422702634194
670917.713988,-1444400.1295,-124.1285283158872
670863.8254959999,-1444156.012,780.6806476080931
670806.2247560001,-1443912.7415,-101.40634953248934
670747.626,-1443669.7065,-72.12789237889828
670003.283004,-1439486.7585,88.63101438540684
669963.456,-1439239.965,3.847199271805792
669927.663,-1438992.543,-14.339199248751655
669892.33374,-1438745.0525,-14.807295478532183
