x,y
678117.0435391675,-1462953.9603675262
677869.9998807099,-1462983.6215525207
677627.1805910793,-1463042.9725380267
677382.7441303857,-1463095.253522718
677136.5394450851,-1463138.3414331311
676889.0335149664,-1463173.4729846602
676641.6285775121,-1463209.3107672206
676393.3040819581,-1463237.9856680008
676146.5432121872,-1463277.218546642
675901.7359398736,-1463327.8402369956
675657.3719502649,-1463380.5388918046
675413.6988711351,-1463436.3984075445
675168.0859248338,-1463482.625219169
674921.1855193867,-1463521.830486814
674673.906417439,-1463558.50850265
674427.941923598,-1463603.1075996102
674182.5028017662,-1463650.6217734164
673936.4835018028,-1463694.9050265565
673689.4346092474,-1463733.1509089991
673442.1516292525,-1463769.822961708
673196.203396016,-1463814.4898687466
672951.8671642555,-1463867.3011377759
672707.415630397,-1463919.5217999343
672461.4605578204,-1463964.2442791716
672215.5583610501,-1464009.3084216213
671968.955984707,-1464050.3033691307
671721.9422000792,-1464088.8068984759
671474.5964521827,-1464125.0636791904
671227.2807076307,-1464161.532451714
670981.0826977538,-1464204.8181012995
670736.2531691581,-1464255.3554859038
670491.0969264336,-1464304.1930587539
670244.5213009443,-1464345.3482594506
669997.513432601,-1464383.8656742398
669751.482522353,-1464428.145515216
669506.2990843707,-1464476.9591833374
669261.0948082291,-1464525.6756816762
669015.3966522551,-1464571.8287203258
668768.8468052369,-1464613.1329218047
668522.6225348954,-1464656.333001667
668276.9041009496,-1464702.369609246
668031.0574210762,-1464747.726159122
667784.8325724909,-1464790.9892440962
667538.1639960567,-1464831.6279065285
667290.6743633515,-1464866.8636961184
667044.2188321666,-1464908.327172593
666798.1736569338,-1464952.4994924243
666551.4865867506,-1464993.0507660785
666304.839246207,-1465033.771171991
666059.3168132239,-1465080.8115023742
665813.8664755594,-1465128.2136324563
665567.79000072,-1465172.3132901827
665322.590658761,-1465220.988911932
665077.2126342177,-1465268.6959104084
664831.0161312072,-1465312.1187573269
664584.3110245509,-1465352.5256500987
664337.9366561625,-1465394.926678272
664091.6828176796,-1465438.0346214129
663845.0100013302,-1465478.6553881723
663597.7185402205,-1465515.2581887236
663349.5742162102,-1465545.5805887845
663101.138517789,-1465573.4358472056
662853.7706695484,-1465609.1958879624
662609.0883006752,-1465660.105070879
662365.8145879739,-1465717.6704265617
662121.2502659059,-1465769.4487309335
661876.3040996105,-1465819.4308465004
661630.3392429018,-1465864.1026826925
661383.6799662395,-1465904.766050114
661136.8900337977,-1465944.520042914
660891.915979131,-1465994.2584462764
660646.8759914999,-1466043.716139246
660402.2923938413,-1466095.34168695
660157.008907915,-1466143.5026062091
659910.4458257427,-1466184.7793478956
659663.7229104551,-1466225.0837127308
659416.712984278,-1466263.6266163238
659169.9046648337,-1466303.4071053262
658923.9104204559,-1466347.9395813837
658678.0367386983,-1466393.168289553
658432.281668247,-1466439.0348152684
658186.0876450998,-1466482.4577715225
657940.0433904674,-1466526.7264766297
657694.0798946344,-1466571.4619200348
657447.8091857353,-1466614.414327318
657200.4896354855,-1466650.8359703752
656953.4405334574,-1466689.0781890526
656706.8122794682,-1466729.9883820019
656460.0074169642,-1466769.817899533
656213.1869425821,-1466809.5514767978
655966.2371532457,-1466848.4574118836
655720.3857610795,-1466893.605987707
655474.2814794311,-1466936.9009360776
677417.8198853426,-1462069.1755749725
677170.2439063084,-1462103.8877496133
676922.9529976118,-1462140.5780434874
676675.7974021852,-1462178.1729943452
670530.2916730448,-1463298.4227127058
670281.1306458202,-1463318.6399327049
670032.0184663091,-1463339.2410609226
669784.7459388558,-1463375.0899811606
669051.331957144,-1463531.3636514002
668805.2437786366,-1463575.403251266
668558.9277263796,-1463618.1326889098
668312.4416096372,-1463659.8696121646
668065.8404590831,-1463700.8422961596
656256.266012344,-1465779.0978853956
656009.3583480897,-1465817.6456413737
655764.9002162676,-1465869.884755472
655520.410330099,-1465922.0665953334
677288.869307867,-1461070.3105327897
677044.2595234752,-1461121.9116557506
676799.8294429799,-1461174.3434334302
676555.3335966497,-1461226.3093667112
670398.570028991,-1462267.729883372
670154.0855998546,-1462319.8602766423
669911.1406847272,-1462378.7613717094
669666.4780156501,-1462429.5339790115
668181.2782670315,-1462636.962891626
667936.3390046804,-1462686.7350548124
667693.394663475,-1462745.6221507418
667449.6266540174,-1462800.7297058988
656136.5132688226,-1464831.0905227002
655890.7859439168,-1464877.0428974866
655645.2110519184,-1464923.7628246713
655397.504572993,-1464954.8976714702
656020.1096656265,-1463748.240466554
666608.7583241954,-1461916.7797700537
666857.4507338214,-1461891.4659722445
667105.6684929492,-1461861.6856180737
667353.3806855147,-1461828.1557418243
667599.3850439587,-1461783.9027721905
669565.1950533844,-1461426.170897007
669810.213291419,-1461376.690805952
670053.6062660139,-1461319.633484517
676454.2016176613,-1460198.2310394375
676699.28587356,-1460148.9224752588
676943.8484768857,-1460097.1157766224
677190.0645629015,-1460054.1139345912
655277.9044153424,-1462900.365241858
655522.8027026244,-1462850.2755892822
655769.1744576232,-1462807.9325853123
665855.0995275255,-1461052.4896609862
666100.9324172179,-1461007.0967165756
666346.8445338638,-1460962.1425534652
666591.5095602405,-1460910.845972291
666836.758833574,-1460862.4097124285
669298.4574537814,-1460429.2670808544
669545.1296611932,-1460388.6480594187
669791.868748406,-1460348.4179331847
670038.2599129428,-1460306.1066117396
676431.2525472577,-1459150.5459149813
676677.2731281917,-1459106.6977329846
676925.0443995103,-1459073.4441879604
677172.5873200516,-1459038.507994853
677149.2552627646,-1458031.6725514315
676903.3221054066,-1458076.442991377
676656.7918121738,-1458117.9381987085
676410.6347112171,-1458161.5796720176
676163.7885540765,-1458201.0503817329
675916.8616212738,-1458240.063411415
675670.3357573234,-1458281.5696636296
675424.5708430557,-1458327.3157147532
675179.3474867198,-1458375.8373510567
674935.7890155874,-1458432.1595785718
674692.3359804319,-1458488.9717924988
674447.4645666019,-1458539.1700746384
674200.857719698,-1458580.0352398579
673953.2629011011,-1458614.5600671603
673706.0033674163,-1458651.4343346914
673458.5353913384,-1458686.896758869
673211.7039941838,-1458726.5139177442
672965.2850181271,-1458768.6566109848
672719.4944962279,-1458814.3108762372
672474.4313133535,-1458863.66870711
672229.0725260661,-1458911.5496614685
671982.9606180484,-1458955.4563222572
671736.8725932204,-1458999.5030977598
671490.4173299164,-1459041.3884441634
671242.8188599887,-1459075.774826139
670994.9262871424,-1459108.0828268947
670747.7587042714,-1459145.5531070642
670501.0446974784,-1459185.911188799
670254.6190304615,-1459227.9760157357
670007.0975449722,-1459262.8880165443
669758.6055970314,-1459290.1986986115
669510.4995160782,-1459320.630347615
669263.7137243624,-1459360.4637380678
669018.6982360084,-1459409.8042925822
668776.2410385397,-1459470.6509716301
668535.3703489788,-1459537.5674499068
668294.2872838265,-1459603.6673941277
668051.1439211824,-1459661.68083643
667806.5751567975,-1459713.478750212
667561.0399207089,-1459760.426757401
667314.5717214771,-1459802.2519863443
667067.5350139162,-1459840.6003769175
666819.9076049342,-1459874.9061172977
666572.131772758,-1459908.1517626033
666324.1674022645,-1459939.9663697716
666076.4368097143,-1459973.4903397798
665830.282692016,-1460016.7942769555
665586.0440520659,-1460070.0818630932
665342.3716119321,-1460125.966788332
665098.4546736343,-1460180.7346270308
664853.6128197787,-1460231.2388080626
664608.7793864416,-1460281.7893961256
664363.2621233232,-1460328.8084037642
664116.4408772415,-1460368.4481807875
663868.8471537476,-1460402.9898207358
663622.0717616352,-1460442.8396878848
663376.0386237686,-1460487.179109192
663129.3812002551,-1460527.8624727703
662882.0810801347,-1460564.4437280674
662633.6033402808,-1460591.4092271125
662384.1010454885,-1460606.431444903
662134.1793429726,-1460608.171107068
661884.2788934938,-1460602.0512831798
661634.608615659,-1460610.3520854004
661387.0452649229,-1460643.7964146952
661142.4050821512,-1460695.0590548073
660899.6370632997,-1460754.565364386
660660.6021614064,-1460827.530323845
660424.9841538585,-1460911.0485107193
660188.7428390167,-1460992.807110519
659951.9965709735,-1461073.0624284435
659712.8704118861,-1461145.8767238082
659470.1049896613,-1461205.2152492113
659224.4269014669,-1461251.210071919
658977.2435288357,-1461288.417456641
658729.9225763148,-1461324.6004945268
658483.3598053678,-1461365.884859053
658236.215597448,-1461403.468745905
657988.6508282763,-1461438.2674099992
657741.1352366224,-1461473.3697767039
657494.55532558,-1461514.4554406651
657249.8246688123,-1461565.3190217027
657006.070354012,-1461620.8223516985
656763.3145963479,-1461680.5009306807
656519.1459858456,-1461734.0773515047
656274.0101969744,-1461783.1117990697
656027.2056378196,-1461822.5307527927
655778.9762196264,-1461852.1385987015
655530.1674631658,-1461876.3265704513
655281.3325422669,-1461900.1918771057
655033.7203417632,-1461934.3033470062
654787.9357347875,-1461979.8258189997
654774.6172706414,-1459950.0185575243
655018.380403295,-1459894.6364042438
655264.649137335,-1459852.0539220285
655512.3297939603,-1459818.171772958
663633.8512772484,-1458384.4496802995
663880.8024351961,-1458345.5715922648
664128.5465446596,-1458312.157906939
664376.2635389221,-1458278.5379854809
664623.813483975,-1458243.6647189527
668800.5020015759,-1457467.1569228554
669046.550588251,-1457422.9008319927
669292.1502996394,-1457376.2417823144
669538.1857993738,-1457331.9282733968
675939.4460619285,-1456238.0294936756
676185.4845161925,-1456193.7729533815
676431.328214051,-1456148.4653726462
676676.4148018047,-1456099.184918316
654738.1053420488,-1458949.3366936822
654981.1018544333,-1458890.678533515
655226.7459187708,-1458844.9262409152
655474.3211833771,-1458810.318821837
662858.0994348993,-1457514.7029067292
663103.8650003381,-1457468.8907846182
663349.7705521899,-1457423.8395989696
663595.7433953926,-1457379.1673715957
663842.5864070614,-1457339.8606537764
668763.9157270868,-1456469.7982083622
669011.2423109584,-1456433.4362858792
669258.3941453138,-1456395.9386358282
669504.8350823306,-1456353.917742707
675657.1030182326,-1455267.4676604525
675904.1405234314,-1455229.5723948537
676149.3959279461,-1455181.742731462
676393.572220071,-1455128.2970157152
676324.6956445511,-1454134.3930137896
676078.3327266112,-1454176.8650415682
675831.8747489619,-1454218.7885933355
675585.6919717598,-1454262.2946763057
669186.0061272741,-1455396.6113470336
668939.6479955595,-1455439.0844706486
668692.997044785,-1455479.834830512
668445.9383873605,-1455518.0610588472
663030.8563161034,-1456469.326597171
662783.8613766517,-1456507.9606983804
662537.3042293029,-1456549.223559022
662291.5524013195,-1456595.0750856576
662045.3815097365,-1456638.6377787702
655151.1478185849,-1457838.004701586
654905.9743067233,-1457886.792595996
654661.7561808372,-1457940.2166824958
654418.4294819301,-1457997.5703609816
676135.5591393698,-1453130.0053769983
675889.5166605853,-1453173.2417987012
675644.1528463741,-1453221.1146560365
675399.606309556,-1453273.018615851
675155.4432235073,-1453326.7105046497
674910.8992651431,-1453378.5753562842
674665.4169038582,-1453425.8422580068
674418.621422761,-1453465.5625700136
674171.4394853817,-1453502.8482553365
673925.763711261,-1453549.0155954566
673679.8682412622,-1453594.0896748865
673433.8657089119,-1453638.5609434603
673187.4571759271,-1453680.7474597646
672941.5576810578,-1453725.8049870871
672696.0986077857,-1453772.9928005184
672449.075993946,-1453811.2929642517
672202.7548569102,-1453853.948007339
671957.0492047431,-1453900.069225738
671711.4702837907,-1453946.8646115959
671465.2381730417,-1453990.0450480143
671218.9264021313,-1454032.7986969508
670972.8750634969,-1454077.0463513746
670726.5088156709,-1454119.502352715
670479.6311346062,-1454158.8239944293
670233.5863333371,-1454202.9184534617
669988.0356047017,-1454249.8181781184
669742.324104141,-1454295.7721379893
669496.0370576851,-1454338.6645892914
669249.2722155805,-1454378.361564071
669000.8793238595,-1454406.4359131875
668753.2147227814,-1454440.2020542768
668507.4543719635,-1454485.761094963
668262.7492470368,-1454536.839633452
668016.6616189461,-1454580.8078514196
667771.1813843653,-1454628.0333571935
667525.2779351063,-1454672.9098585146
667278.4150644577,-1454712.3750841417
667031.4223841389,-1454751.016081249
666784.2718262695,-1454788.6330575638
666537.242133814,-1454827.0404058392
666290.5903325996,-1454867.7440945157
666044.9647840449,-1454914.242886674
665798.9755830719,-1454958.816012217
665553.0665539643,-1455003.8443399526
665307.5653670644,-1455051.0358243007
665062.6021400711,-1455100.9091614538
664817.0994188756,-1455148.0891671712
664571.7003224147,-1455195.8021446385
664325.2298732171,-1455237.353572484
664078.2380458708,-1455275.9885953288
663831.8314897015,-1455318.1496330407
663586.0829517205,-1455364.035271983
663340.857632513,-1455412.643651623
663095.1580162374,-1455458.6211857076
662848.5342071832,-1455499.4425160112
662603.0515863142,-1455546.6931998737
662358.1267389598,-1455596.7947505051
662112.4373180966,-1455642.872094603
661865.7827289192,-1455683.5961486984
661619.9453535308,-1455728.9164673702
661374.0346947294,-1455773.5399404045
661126.3269408514,-1455807.2292240697
660879.0323996305,-1455843.6925964209
660632.8564658057,-1455887.2095697331
660386.9883035145,-1455932.4593378822
660141.1433143064,-1455977.833867805
659895.2355433784,-1456022.8608773719
659649.6260274212,-1456069.5015523585
659403.5577046573,-1456113.601634391
659157.020302603,-1456155.0171403696
658911.3291317659,-1456201.1870664835
658665.4213225093,-1456246.2171906056
658419.3490595308,-1456290.3517123244
658173.18582039,-1456333.9261855774
657926.2814498557,-1456373.106197267
657679.4048825038,-1456412.4869262646
657432.834797571,-1456453.7420635587
657186.2750619131,-1456495.0589514552
656939.2879237803,-1456533.7196674685
656692.9949377422,-1456576.5087064342
656447.2058146332,-1456622.1832943673
656201.2722116392,-1456667.0805334935
655955.3732325232,-1456712.1531114269
655709.5510637125,-1456757.5851930887
655464.8112628849,-1456808.5539018016
655218.855369392,-1456853.003423403
654971.5418498148,-1456889.4480607442
654725.6393770006,-1456934.2190716213
654481.1284384108,-1456986.2981573793
654236.4708270608,-1457037.6398943576
653989.1776968286,-1457072.4404461791
653740.4688180159,-1457097.6849327325
653491.8526524184,-1457123.8770852457
653243.4502204597,-1457150.8947230869
676059.6564524738,-1452142.845225439
675814.5079800104,-1452191.7821704703
675569.8949709702,-1452243.374788296
675323.6767990314,-1452286.2654440298
668924.4060563071,-1453414.5431067958
668678.2126732061,-1453457.993117898
668431.8384645445,-1453500.3799808042
661292.78033047,-1454742.8915662623
661046.4964302105,-1454785.8240115186
660800.1824971478,-1454828.57929724
660553.2934092056,-1454867.8560736366
655139.6880877427,-1455833.5015623244
654892.738221581,-1455872.3939245096
654645.7414257379,-1455910.9718143134
654400.11929791,-1455957.376426755
654210.0411916106,-1454986.7067145118
654456.5985706428,-1454945.3787668317
654703.1500331269,-1454904.0498726647
654948.362092293,-1454855.4731187443
659867.7605136795,-1453966.1868643065
660113.4324069696,-1453919.934919321
660360.1320403691,-1453879.5890525747
660607.2527676864,-1453841.7788473605
668239.0765186889,-1452509.9470736962
668485.2114502933,-1452466.1814323373
668730.5256059864,-1452418.0625820756
668974.9745938755,-1452366.05745038
675124.8077169791,-1451281.5894350717
675369.7330868979,-1451231.5490894332
675615.9814549702,-1451188.5360866832
675863.2099543166,-1451151.4556209587
675766.0102257655,-1450143.576658693
675519.975343169,-1450187.9106094812
675274.0233168652,-1450232.708026631
675027.9689307631,-1450276.9410769157
668633.3031239689,-1451432.7025884774
668388.5535459224,-1451483.6220154914
668143.2970030246,-1451532.0775275247
667897.3706663746,-1451576.975082275
660016.7121683729,-1452933.4593273515
659773.119015369,-1452989.6508305196
659528.0800642805,-1453039.0540126716
659282.4612722738,-1453085.6221384464
659036.5224020097,-1453130.3464871654
654605.7673582251,-1453906.5467261863
654359.8168076338,-1453951.1484047724
654113.4421844499,-1453993.5590906504
653867.2619336083,-1454037.0708999352
653914.5327882007,-1453036.1034818052
654161.800270713,-1452999.357528019
654408.3846122691,-1452958.2594489574
654653.9249444262,-1452911.3241802102
658333.9147410903,-1452212.9265911505
658580.6469618023,-1452172.6527555562
658827.6546640814,-1452134.1050969653
659074.6663601713,-1452095.6007280687
667934.676969465,-1450525.937487058
668181.4929484295,-1450486.1753758264
668428.2015855322,-1450445.7916960907
668674.259367674,-1450401.5840523762
674815.4490493627,-1449290.96390557
675062.5884306255,-1449253.2809532299
675308.9848643196,-1449211.0401084956
675555.5009893167,-1449169.4816945258
653453.8463860034,-1452105.142137805
653699.1599127175,-1452056.968112504
653944.8424056452,-1452010.735144703
654190.7480611025,-1451965.6839369177
654436.1857373896,-1451918.1612161659
654680.989413292,-1451867.4725294176
654925.3555755933,-1451814.70865711
655170.3478189014,-1451765.010709932
655417.3558187687,-1451726.9388983094
655664.6948892165,-1451690.744239187
655911.0661754278,-1451648.3262690387
656157.6840930359,-1451607.3878140033
656404.8645836263,-1451569.9709525614
656651.6974912673,-1451530.3294137886
656898.236846385,-1451488.8812316193
657144.5446816108,-1451446.1005295874
657390.3365736544,-1451400.4359285673
657635.9231375286,-1451353.673438176
657881.1569074506,-1451305.104327465
658126.7405239715,-1451258.3749271387
658373.1523655785,-1451216.2038538433
658619.0137912482,-1451170.9521184207
658864.3087487955,-1451122.7003567447
659109.5394297153,-1451074.1318037896
659355.5159268425,-1451029.5034676527
659602.8023766462,-1450993.06733654
659850.8393680154,-1450961.862085517
660098.4488771994,-1450927.394432859
660345.4325103607,-1450888.7439468703
660591.7562029389,-1450846.0511903304
660837.4308526516,-1450799.7901556802
661081.4614873877,-1450745.7153354206
661322.2844909885,-1450678.7978474742
661561.8211105722,-1450607.2437808637
661801.0025898075,-1450534.5171660108
662043.4092528836,-1450474.4139606315
662291.1031275484,-1450441.755079101
662539.9393964289,-1450417.7190784123
662789.1901841228,-1450398.4868465373
663038.5890491013,-1450381.217271419
663287.0483798749,-1450354.3928491506
663534.1458771563,-1450316.47789783
663780.4925862009,-1450273.9286974117
664027.0051756355,-1450232.3434478003
664273.6520506853,-1450191.5467744037
664520.1462549776,-1450149.8358615516
664766.2281338093,-1450105.7762294654
665012.0249907814,-1450060.1392230922
665257.7603923978,-1450014.1890976108
665502.8111157299,-1449964.7057537278
665747.3219345193,-1449912.633470698
665991.4989129915,-1449859.0035522552
666236.1473233108,-1449807.583322904
666482.3006605434,-1449764.18864021
666730.0392389165,-1449730.7628130221
666978.1961992726,-1449700.523615458
667226.13842818,-1449668.830075075
667472.9035158849,-1449628.7912286283
667719.1010142997,-1449585.3940155474
667964.2387110248,-1449536.411387595
668208.8789657399,-1449484.9301849182
668453.7818044161,-1449434.7179403172
668698.8398181192,-1449385.2780570458
668943.0610161149,-1449331.8872331681
669188.3272345862,-1449283.6207543553
669434.7922395183,-1449241.755535663
669681.3587482787,-1449200.4893324948
669928.699691674,-1449164.220045345
670176.2501690299,-1449129.3889441001
670423.0332466615,-1449089.446988342
670669.7658568869,-1449049.1706451878
670915.9804741631,-1449005.8759752116
671161.6320694612,-1448959.4610325184
671407.5972698784,-1448914.7437346368
671653.3210475389,-1448868.731745014
671897.9594442211,-1448817.3984874936
672140.9764042003,-1448758.7727145136
672385.6154584084,-1448707.499214053
672631.2057713274,-1448660.7560681282
672877.488787942,-1448617.9339942094
673124.5278279347,-1448579.5799967165
673371.6494249154,-1448541.7578533886
673618.7547383945,-1448503.8313727237
673865.6511959822,-1448464.569361081
674112.4946337192,-1448424.975610803
674359.1365357046,-1448384.1443387186
674605.4682308276,-1448341.5159971747
674851.0566026416,-1448294.7829517436
675096.1554202547,-1448245.529893241
675341.4437147474,-1448197.2573491607
675586.7116775665,-1448148.900747266
675118.7483677673,-1447233.1033166626
674872.0459518459,-1447273.4746141916
674625.0465912331,-1447312.067421557
674379.2156863157,-1447357.290872329
668229.1832122426,-1448456.477723962
667983.4557401427,-1448502.4718621126
667737.3664276558,-1448546.5126456746
667491.4521749465,-1448591.5114822076
657647.2518318291,-1450333.3050129719
657401.2359602292,-1450377.7504888813
657155.2478884319,-1450422.3252125902
656909.4973127729,-1450468.1918036828
656663.5299181206,-1450512.8996380996
654195.6146556725,-1450908.843813879
653949.7830871663,-1450954.2652128793
653705.0023736311,-1451005.0307645353
653460.4076398766,-1451056.717029392
653346.2027880948,-1450077.6591056406
653585.3718672154,-1450004.9350682497
653828.087493618,-1449945.8580174854
654074.8946820472,-1449906.8405938125
655794.7075434311,-1449598.6320855983
656042.9597944802,-1449569.7817723784
656290.9665269797,-1449538.9692664735
656538.1649844736,-1449501.7265525265
656784.6297287795,-1449460.0861913615
667362.9070980444,-1447568.0510453372
667609.9943049031,-1447530.0219061202
667857.2878890663,-1447493.418243396
668104.744296904,-1447457.9112133852
674255.4877882795,-1446364.7817371069
674501.3570687991,-1446319.5722240494
674747.4694192861,-1446275.6662522736
674993.519037202,-1446231.4446398965
653377.9988044443,-1449052.4178506916
653622.6651931239,-1449001.239159227
653866.447698285,-1448946.0718707168
654109.7374452761,-1448888.7021377813
655100.8712066825,-1448762.3853452639
655346.0645789881,-1448713.750496113
655590.0140215011,-1448659.1406295418
655833.0795220751,-1448600.703052208
656077.7842543081,-1448549.725791985
667397.5737711588,-1446572.3339299979
667643.7770527274,-1446528.948261519
667889.8751587034,-1446484.9554278178
668135.6924375333,-1446439.4412989223
674296.6137311559,-1445419.6020571925
674543.2393158674,-1445379.4747365308
674787.1847928166,-1445324.9552545142
675027.9050493999,-1445257.811427617
674803.2315750757,-1444243.3599205522
674556.9755984928,-1444286.1343791871
674309.699465461,-1444322.7818536272
674062.2002208963,-1444358.019945705
667913.1105117982,-1445460.2693568286
667665.9982581579,-1445498.1420062957
667419.142720383,-1445537.652755218
667171.9156083729,-1445574.7527188912
655111.2281385042,-1447693.1410165774
654864.4021477452,-1447732.7856097312
654617.6766427924,-1447773.0665706624
654371.1791741957,-1447814.75942997
653880.7031651852,-1447911.4110230661
653636.6971398279,-1447965.8173470544
653392.7836539843,-1448020.6329831944
653147.1755353981,-1448066.6743950062
675019.9469444256,-1443208.1442613518
674771.6053913877,-1443235.55407271
674524.7235174186,-1443274.6063241013
674279.4621397136,-1443322.9436291414
674035.9169824105,-1443379.2515199038
673793.2972334526,-1443439.5022964561
673551.9447732858,-1443504.6464401989
673310.2892693431,-1443568.266059395
673063.7813604074,-1443608.6604538935
672815.4190651183,-1443637.1766591945
672566.8145169973,-1443663.532920012
672318.0362381439,-1443688.1835250724
672069.0967347714,-1443711.114811411
671820.7346265757,-1443739.5383932423
671573.3454318163,-1443775.4079048992
671326.2176133533,-1443813.1384812568
671078.9062459744,-1443849.6365350792
670832.5967763641,-1443892.3426802712
670587.001581397,-1443939.0552191318
670341.3068725803,-1443985.2431552748
670095.4532509176,-1444030.5829165927
669849.5413299712,-1444075.6038992424
669603.5666277115,-1444120.2799032577
669357.5698607259,-1444164.83165915
669111.2113174237,-1444207.3254018791
668864.4006410983,-1444247.1106726977
668617.7332068562,-1444287.785696977
668370.965439362,-1444327.8530997008
668123.9539523792,-1444366.3552289698
667876.4483717739,-1444401.529966798
667629.5632847581,-1444440.8202697344
667382.988694997,-1444482.0308378094
667136.9725735441,-1444526.4691265163
666890.9723149982,-1444570.974443703
666644.0393549877,-1444609.9182705926
666397.2872359924,-1444649.7483401992
666153.3521093132,-1444704.1548667618
665912.2196091514,-1444770.0308291484
665672.9335647477,-1444842.397883555
665435.2059875149,-1444919.7400977067
665195.1005327005,-1444988.6729894055
664950.3138513372,-1445039.2495171246
664703.8842679268,-1445081.2387485767
664455.9276514101,-1445112.3221587772
664206.682012456,-1445131.4566954104
663957.7955233671,-1445154.8988755199
663708.8448781412,-1445177.744315727
663459.9926512098,-1445201.6497318614
663211.48170544,-1445228.6135624691
662964.5138784272,-1445267.0921028897
662718.6151181102,-1445312.1699265146
662473.4026144838,-1445360.828481111
662228.8764399479,-1445412.8374446495
661984.490850146,-1445465.5158629406
661739.5437157138,-1445515.4956620352
661494.223095473,-1445563.631058722
661248.8407943813,-1445611.4421231875
661003.0980410214,-1445657.3716973893
660757.1008725414,-1445701.858474942
660510.299001068,-1445741.68993417
660263.0129693606,-1445778.3939095212
660015.405644362,-1445812.885502448
659767.8296679339,-1445847.524681679
659521.6788084463,-1445890.999950894
659276.8608468218,-1445941.5961774152
659032.1636063833,-1445992.8006745873
658788.1450211662,-1446047.1383257036
658543.9643838186,-1446100.7009508687
658298.3345818869,-1446147.1579372105
658051.8570072069,-1446188.9265370483
657804.8523510844,-1446227.4884678682
657557.1330188412,-1446261.058808496
657309.4022477813,-1446294.5476647832
657062.4749608245,-1446333.5495545221
656815.2064404313,-1446370.3856658721
656568.2673780979,-1446409.3377358257
656322.3931488566,-1446454.477924759
656077.174740814,-1446503.1280756367
655832.1431907587,-1446552.6987485848
655586.1880682982,-1446597.355289449
655338.7145694145,-1446632.6050530714
655090.81540947,-1446664.9311270078
654843.039022305,-1446698.191658131
654594.767021841,-1446727.3338595799
654346.5401228,-1446756.5024001088
654100.9153780637,-1446802.5181437396
653857.880193737,-1446860.9401054115
653617.5988156807,-1446929.879576672
653376.4920647199,-1446995.773477545
653132.171312567,-1447048.5063495066
652885.948409688,-1447091.704920535
652639.2929685159,-1447132.4538165422
653160.1505246565,-1446005.760658421
653408.5718110907,-1445978.1347047114
653657.0255407086,-1445950.5453546972
666943.5311575828,-1443582.1723103782
667189.7890173404,-1443539.0946539496
667436.7224271358,-1443500.1491255166
667683.8870656407,-1443462.673563457
673836.8542477916,-1442374.5431662707
674084.2941855959,-1442338.900561911
674330.7924825174,-1442297.3903550985
674575.7424778857,-1442247.4628090034
652952.8288011515,-1445094.970141448
653199.8848751474,-1445058.9017703258
653444.7448660608,-1445008.5459195408
653688.1589339402,-1444951.6056572453
666727.6380338228,-1442643.2097488162
666973.3083225522,-1442596.922976238
667219.2150652757,-1442551.9225492128
667465.8727572183,-1442511.2045777745
673616.8774740854,-1441420.3448416996
673862.1722237275,-1441372.0738414158
674107.3981211117,-1441323.457375427
674352.3575620556,-1441273.5704533826
674157.9357054016,-1440303.6379268134
673913.8033856072,-1440357.4552427817
673668.7672982304,-1440406.9644240325
673422.5225290152,-1440450.0589245805
667261.4705011769,-1441489.2673213552
667016.9144912111,-1441541.125807892
666773.3449720866,-1441597.432620211
666529.6246431377,-1441653.1019179616
653481.8626735045,-1443857.008227879
653234.4335871937,-1443892.644880046
652988.703036669,-1443938.2900975589
652746.0692227761,-1443998.29553427
674118.7710186297,-1439316.1842205017
673869.9893589403,-1439340.607160012
673622.2244028647,-1439373.5863758435
673376.7022237873,-1439420.3045253183
667237.2071507089,-1440541.226891343
666989.897489982,-1440577.7668181402
666743.3918844826,-1440619.3349621473
666496.8175428153,-1440660.5208829385
653463.2773062973,-1442958.7594780694
653213.8730193836,-1442974.5539175395
652966.6935352865,-1443010.9334965148
652721.2337079208,-1443058.34026185
652380.3200850481,-1442086.245837523
652626.9699396164,-1442045.4863402534
652873.9254783184,-1442006.6282901296
653120.7367309942,-1441966.838679212
653367.7238409033,-1441928.1576654154
653614.004988698,-1441885.275905348
653860.0542674531,-1441841.0251234388
654106.3342179266,-1441798.0736610326
654352.579583308,-1441754.9623472062
654598.0072785454,-1441707.3876366033
654843.6678022571,-1441661.065380357
655089.9867328634,-1441618.3319757576
655336.4343569172,-1441576.3577486386
655583.3032983231,-1441536.927138782
655830.1722296105,-1441497.493058489
656076.5297520194,-1441455.024102162
656322.3374410421,-1441409.4465099513
656567.6949309179,-1441361.5058040211
656812.7890831974,-1441312.2404013535
657058.1781951198,-1441264.5075294804
657304.3326757316,-1441220.8403472635
657550.2745908132,-1441176.0296928291
657794.6517284375,-1441123.465874979
658039.9702776269,-1441075.6607241726
658286.9576855373,-1441037.0309972423
658534.4581293939,-1441001.7883355168
658781.6087293227,-1440964.2348463298
659027.5085212095,-1440919.3192812516
659272.44904624,-1440869.2872571573
659517.9888610173,-1440822.3650254603
659764.4878965992,-1440780.6947885677
660010.9679712465,-1440738.9092172566
660257.293495838,-1440696.2260178581
660504.5451948451,-1440659.4301644522
660752.4021257224,-1440626.7827856333
660999.8173653333,-1440591.0080594644
661246.7148306053,-1440551.7601907337
661493.228939622,-1440510.1916528472
661737.723799435,-1440458.5630584862
661980.5745717178,-1440399.4115571065
662226.3606040134,-1440354.1371707402
662473.2040398717,-1440314.5622348867
662720.2535633052,-1440276.2820997501
662966.6649064488,-1440234.1449684096
663212.513494967,-1440188.7910283264
663458.6127768728,-1440144.8122055037
663705.0669388678,-1440102.8916340945
663950.8019141908,-1440056.991266068
664195.9402666785,-1440007.9395060719
664441.54187851,-1439961.2672677047
664687.2068273714,-1439914.9368491082
664933.6918432052,-1439873.2440616894
665180.702914833,-1439834.7314464527
665428.1217181045,-1439798.9233773795
665675.7222283743,-1439764.389388568
665923.0405338432,-1439728.0153792833
666169.016492293,-1439683.436853944
666414.869229432,-1439638.097510816
666660.5518026223,-1439591.8470053659
666906.4170597725,-1439546.5973557997
667152.335866449,-1439501.68271595
667397.2003388617,-1439451.3044681281
667641.4060177589,-1439397.8152693058
667886.3828492152,-1439348.0319685
668132.1213451206,-1439302.083756902
668378.5243393148,-1439259.879458573
668625.1409360613,-1439218.934707506
668870.2163372285,-1439169.7949538645
669114.1992205535,-1439115.3657458858
669359.6031733849,-1439067.7349513096
669606.0737401118,-1439025.919849496
669853.3074057903,-1438988.9201231143
670101.3218497505,-1438957.5285394606
670349.5829468402,-1438928.1171617731
670597.5678904848,-1438896.5356826943
670844.6045614763,-1438858.2509347475
671091.0187060977,-1438816.1101223263
671336.228898987,-1438767.490858409
671581.4238775707,-1438718.7330339001
671826.4047017372,-1438668.9248443209
672071.2006385693,-1438618.20098978
672316.3726427476,-1438569.3111281053
672562.1325034065,-1438523.6036255446
672809.5797666085,-1438488.2194004736
673057.2547085579,-1438454.5202631392
673302.8963426154,-1438408.2968461816
673548.0611389814,-1438359.5752075177
673794.8930029606,-1438320.0618331572
673251.76047827,-1436401.339015521
673007.3863048174,-1436453.7783828634
672761.3329320329,-1436497.9871614762
672515.598368018,-1436543.9599111357
666848.3612745461,-1437498.5982787104
666603.2937593838,-1437548.0008295397
666358.9579804458,-1437600.8087196518
666114.7923559578,-1437654.3957714175
652828.2769920687,-1440014.9414078728
652582.6011325945,-1440061.0014737053
652335.6521062498,-1440098.678226958
652088.2447509567,-1440133.8417749098
661598.5587520001,-1466421.846
661557.954,-1466175.2165
661506.8405,-1465930.515
661451.7822479999,-1465686.6625
660739.2110039999,-1461498.045
660686.386504,-1461253.698
660633.12076,-1461009.438
660581.096992,-1460764.914
659812.3085040001,-1456333.739
659768.402748,-1456087.626
659723.907248,-1455841.6185
659679.139488,-1455595.66
659248.646756,-1453387.485
659195.2889879999,-1453143.274
659154.5025,-1452896.687
659121.4750039999,-1452648.8835
659090.566744,-1452400.804
659059.681492,-1452152.727
659034.467772,-1451904.015
658975.708512,-1451407.5445
658940.2255040001,-1451160.078
658897.281,-1450913.895
658837.2554520001,-1450671.285
658023.14226,-1446756.8725
657988.835996,-1446509.266
657960.97126,-1446260.832
657934.5965039999,-1446012.2325
657227.532244,-1441824.6335
657176.4649879999,-1441579.9075
657126.2007559999,-1441335.018
657077.3629960001,-1441089.8365
658055.1815,-1440754.38
658098.8042479999,-1441000.5255
658147.345752,-1441245.7655
658198.794504,-1441490.4105
658977.6622520001,-1445666.7555
659023.2907479999,-1445912.5525
659065.2945,-1446158.9765
659099.700496,-1446406.586
659838.0099399999,-1450589.536
659899.388464,-1450831.8655
659948.779248,-1451076.8305
659985.440748,-1451324.1035
660323.405508,-1453294.855
660367.31226,-1453540.968
660412.9742439999,-1453786.762
660457.1812560001,-1454032.8195
660499.98374,-1454279.1275
660545.1519960001,-1454525.0025
660595.152744,-1454769.948
660643.168256,-1455015.2605
660722.1759960001,-1455508.965
660758.688244,-1455756.2815
660796.417248,-1456003.412
660837.8200160001,-1456249.9575
661554.492992,-1460437.805
661585.505248,-1460685.873
661617.326996,-1460933.8385
661649.302508,-1461181.7835
662476.5147439999,-1465601.6615
662518.212756,-1465848.153
662563.903252,-1466093.9425
662609.218512,-1466339.792
659067.5692360001,-1440610.147
659111.575,-1440856.223
659150.563756,-1441103.162
659190.088732,-1441350.015
659962.447744,-1445528.1475
660003.6610399999,-1445774.7275
660044.5577639999,-1446021.358
660082.829252,-1446268.4075
660811.757244,-1450453.3375
660858.6242479999,-1450698.8965
660903.5152639999,-1450944.8275
660951.9377560001,-1451190.088
661594.34252,-1454882.9855
661635.473752,-1455129.5755
661675.788256,-1455376.303
661717.06998,-1455622.869
661763.023492,-1455868.5955
661813.347248,-1456113.474
661866.190004,-1456357.8235
661916.294988,-1456602.746
662571.828252,-1460294.7485
662615.741504,-1460540.861
662657.146008,-1460787.3975
662694.88302,-1461034.5325
663393.705256,-1465226.188
663432.521244,-1465473.1555
663473.7619919999,-1465719.721
663516.366264,-1465966.0645
660051.416492,-1440502.071
660087.316,-1440749.475
660127.3467400001,-1440996.242
660169.7324880001,-1441242.622
660917.91174,-1445425.867
660958.9309879999,-1445672.471
660996.23726,-1445919.67
661034.753,-1446166.6835
661752.167248,-1450101.182
661802.768256,-1450346.005
661850.269,-1450591.4475
661896.428248,-1450837.1485
662710.2175120001,-1455262.6195
662759.482768,-1455507.6955
662799.3355079999,-1455754.466
662835.7917439999,-1456001.7915
662873.567492,-1456248.9185
662912.584752,-1456495.855
662953.012544,-1456742.5625
662994.4417359999,-1456989.1035
663034.575012,-1457235.859
663077.252008,-1457482.1875
663120.343752,-1457728.4445
663165.583996,-1457974.3155
663543.77574,-1460191.745
663584.419256,-1460438.421
663624.005,-1460685.263
663662.322752,-1460932.308
664387.132,-1465119.0565
664425.622488,-1465366.0745
664462.8407439999,-1465613.2875
664501.98552,-1465860.195
665465.619748,-1465595.7405
665417.6485080001,-1465350.4235
665368.8092560001,-1465105.308
665338.9445,-1464857.2335
664600.3099760001,-1460673.963
664558.287492,-1460427.541
664510.4594919999,-1460182.1625
664458.218996,-1459937.695
664354.407996,-1459195.977
664325.675,-1458947.703
664280.3715080001,-1458701.9385
664226.362488,-1458457.8705
664184.318244,-1458211.504
664148.2955,-1457964.1225
664106.706,-1457717.6185
663756.430008,-1455748.753
663720.992248,-1455501.2825
663681.2782599999,-1455254.464
663637.909244,-1455008.2575
662862.860496,-1450829.891
662815.029736,-1450584.5105
662770.202508,-1450338.599
662733.69374,-1450091.287
662008.6297439999,-1445906.4485
661949.594,-1445663.5205
661893.792008,-1445419.8525
661846.385748,-1445174.4105
661100.936744,-1440992.12
661055.153744,-1440746.369
661018.204752,-1440499.138
660985.6922439999,-1440251.262
666454.7032519999,-1465508.882
666394.892492,-1465266.18
666344.5385,-1465021.367
666306.965756,-1464774.2555
665664.407508,-1460830.821
665619.7287520001,-1460584.8475
665572.4162479999,-1460339.3705
665524.5452640001,-1460093.997
665475.837516,-1459848.793
665427.887504,-1459603.4355
665380.8999960001,-1459357.893
665334.861,-1459112.169
664696.9762479999,-1455671.641
664644.570492,-1455427.248
664608.02224,-1455180.0255
664580.6095,-1454931.5405
663889.4415040001,-1450742.236
663839.4692480001,-1450497.2795
663789.9415,-1450252.236
663742.228256,-1450006.834
663026.3124960001,-1445821.286
662973.4405,-1445576.96
662917.2767439999,-1445333.3505
662861.170492,-1445089.732
662145.166252,-1440905.2995
662086.199,-1440662.3555
662035.0447320001,-1440417.769
662001.0020039999,-1440170.144
663018.4447679999,-1439952.849
663059.1874879999,-1440199.495
663103.972492,-1440445.449
663148.0955239999,-1440691.522
663824.7935,-1444884.7195
663863.6277520001,-1445131.6815
663902.459508,-1445378.639
663938.5562400001,-1445626.011
664750.8714960001,-1449795.116
664782.32924,-1450043.1275
664817.5942320001,-1450290.6175
664857.9887519999,-1450537.324
665619.1640039999,-1454715.579
665662.4555040001,-1454961.7975
665707.883248,-1455207.637
665755.23474,-1455453.107
666517.8289879999,-1459629.3565
666558.9775,-1459875.944
666597.4802560001,-1460122.95
666631.556748,-1460370.6125
666661.8699879999,-1460618.762
666689.231256,-1460867.253
666719.6255,-1461115.39
666751.42976,-1461363.3255
666795.551,-1461609.336
666850.804992,-1461853.133
666909.530256,-1462096.134
666964.789012,-1462339.9035
667351.080992,-1464555.907
667386.630504,-1464803.3625
667420.8610040001,-1465051.007
667459.479016,-1465297.981
664009.8200040001,-1439792.5015
664054.152988,-1440038.535
664100.551244,-1440284.181
664137.988248,-1440531.3135
664865.1099800001,-1444718.24
664908.1237479999,-1444964.499
664955.2200079999,-1445210.0215
665002.141748,-1445455.5785
665740.298556,-1449640.179
665783.0392440001,-1449886.4975
665824.57322,-1450133.0195
665867.941244,-1450379.221
666609.1195,-1454563.376
666653.401248,-1454809.417
666701.476004,-1455054.743
666752.092748,-1455299.564
667479.774004,-1459485.1845
667527.8457360001,-1459730.5055
667567.0267480001,-1459977.3725
667598.75824,-1460225.3255
667960.0827520001,-1462192.2025
667999.4917479999,-1462439.0585
668033.41,-1462686.742
668069.1009679999,-1462934.1685
668110.2694839999,-1463180.7505
668153.142496,-1463427.0475
668197.356264,-1463673.1055
668243.5885,-1463918.7895
668339.9812479999,-1464409.4095
668385.895744,-1464655.1385
668422.8655,-1464902.367
668457.5207400001,-1465149.952
669546.33,-1465343.708
669502.447004,-1465097.606
669456.5772599999,-1464851.8485
669409.75974,-1464606.276
669360.260244,-1464361.23
669306.52374,-1464117.0845
669248.14426,-1463874.0
669196.101256,-1463629.55
668578.8155039999,-1459932.374
668533.184248,-1459686.5755
668486.4717519999,-1459440.983
668437.502008,-1459195.83
667706.353744,-1455011.659
667664.8562520001,-1454765.1565
667631.093756,-1454517.454
667595.09202,-1454270.0765
666841.585,-1450088.8485
666801.7407479999,-1449842.046
666764.1492359999,-1449594.8915
666724.71874,-1449348.0305
665936.803508,-1445175.7445
665894.67326,-1444929.3735
665859.2442640001,-1444681.901
665820.163256,-1444434.989
665065.629752,-1440253.974
665019.586504,-1440008.254
664969.7632439999,-1439763.278
664918.025748,-1439518.7005
670465.661516,-1465185.531
670416.1225,-1464940.5315
670367.3579920001,-1464695.3915
670326.464268,-1464448.7625
670286.613248,-1464201.9675
670252.1100039999,-1463954.373
670213.849232,-1463707.3345
670171.32274,-1463460.9785
670126.1030039999,-1463215.1085
670080.068,-1462969.387
670033.7054959999,-1462723.724
669988.378012,-1462477.8775
669947.5957480001,-1462231.232
669913.6432439999,-1461983.5835
669883.676996,-1461735.404
669845.9035319999,-1461488.2915
669803.772508,-1461241.872
669757.0877439999,-1460996.2865
669703.97,-1460751.997
669649.342756,-1460508.044
669598.522,-1460263.289
669553.8744919999,-1460017.3115
669511.4732359999,-1459770.9345
669470.2435,-1459524.361
669428.9672760001,-1459277.8005
669391.4600040001,-1459030.633
669353.5494759999,-1458783.524
669311.227996,-1458537.145
669265.505748,-1458291.3655
669224.971744,-1458044.697
669189.815252,-1457797.1845
669151.906488,-1457550.0865
669108.318008,-1457303.924
669063.839256,-1457057.9165
669020.344256,-1456811.729
668978.402032,-1456565.274
668936.4114920001,-1456318.827
668891.452004,-1456072.9085
668844.4627679999,-1455827.365
668795.6755039999,-1455582.179
668752.1139959999,-1455336.018
668709.959968,-1455089.5955
668667.87148,-1454843.1645
668625.28726,-1454596.819
668579.7699960001,-1454351.006
668530.701496,-1454105.8695
668483.191248,-1453860.43
668437.077008,-1453614.7235
668398.1084960001,-1453367.825
668365.1340160001,-1453120.0135
668328.475508,-1452872.727
668285.3577520001,-1452626.486
668240.024236,-1452380.6325
668192.3340040001,-1452135.239
668152.494516,-1451888.459
668115.899004,-1451641.155
668076.06004,-1451394.3585
668033.883268,-1451147.9395
667992.599004,-1450901.373
667950.469516,-1450654.949
667908.68524,-1450408.4665
667863.702248,-1450162.5595
667814.558232,-1449917.441
667763.4547479999,-1449672.7185
667714.0805,-1449427.666
667672.8012520002,-1449181.1105
667631.572012,-1448934.5385
667586.663256,-1448688.608
667541.376012,-1448442.757
667501.1267479999,-1448196.0225
667463.19902,-1447948.919
667424.784756,-1447701.8895
667384.467748,-1447455.1635
667345.1437560001,-1447208.276
667304.419996,-1446961.6225
667257.929496,-1446716.0035
667204.1652480001,-1446471.8625
666944.053988,-1444995.8245
666901.116752,-1444749.5755
666853.664504,-1444504.123
666804.5675,-1444258.9915
666042.1665,-1440079.1075
665995.8435079999,-1439833.4385
665947.7530039999,-1439588.1115
665896.384252,-1439343.451
671365.81276,-1464499.437
671322.004492,-1464253.311
671282.2819879999,-1464006.494
671249.2495,-1463758.7075
670511.945008,-1459574.337
670465.808256,-1459328.6405
670418.5192479999,-1459083.1545
670373.548768,-1458837.238
669663.6522479999,-1454647.286
669618.50324,-1454401.398
669574.8132520001,-1454155.245
669532.2382560001,-1453908.8985
668772.759988,-1449728.8185
668719.7180039999,-1449484.521
668673.833988,-1449238.7865
668634.565752,-1448991.912
668026.371508,-1445292.8575
667985.856008,-1445046.1665
667947.0895039999,-1444799.1965
667903.6624919999,-1444553.0075
667855.895744,-1444307.619
667808.56824,-1444062.145
667756.188496,-1443817.7315
667698.6777479999,-1443574.439
667640.4247480001,-1443331.3215
667589.110504,-1443086.7715
667558.263016,-1442838.7775
667533.8509959999,-1442589.9745
667505.311008,-1442341.641
667467.219752,-1442094.583
667422.1669960001,-1441848.6965
667367.37674,-1441604.818
667308.564996,-1441361.838
667255.542748,-1441117.5485
667207.342752,-1440872.24
667160.7980239999,-1440626.6145
667115.273744,-1440380.7945
667070.434768,-1440134.8595
667031.6892560001,-1439887.89
666992.704256,-1439640.9525
666957.294256,-1439393.486
666920.3012560001,-1439146.278
666876.5499920001,-1438900.1435
666831.981244,-1438654.158
666779.6632439999,-1438409.7255
666723.251004,-1438166.1975
666674.65724,-1437920.9805
666633.486016,-1437674.443
666597.24752,-1437427.0875
666558.868508,-1437180.0535
666521.730244,-1436932.833
666477.159,-1436686.924
667923.53426,-1439024.6335
667961.7612439999,-1439271.6785
668006.6677519999,-1439517.599
668054.835496,-1439762.9125
668783.5829960001,-1443949.025
668830.791752,-1444194.527
668879.849012,-1444439.6625
668933.4245119999,-1444683.847
669661.4889959999,-1448868.576
669700.917744,-1449115.447
669739.8684960001,-1449362.3935
669778.7167519999,-1449609.357
670513.348232,-1453788.5195
670542.802992,-1454036.6875
670587.5402520001,-1454282.6
670639.3395,-1454527.171
671367.591504,-1458710.569
671436.968248,-1458950.7245
671509.5442720001,-1459189.942
671568.8675,-1459432.668
672234.8414960001,-1463626.6015
672270.3915039999,-1463874.0165
672315.80424,-1464119.8395
672367.1905079999,-1464364.4925
668917.848712,-1438848.494
668959.886556,-1439094.932
669005.380504,-1439340.742
669057.0765,-1439585.329
669791.59724,-1443767.9605
669847.2264879999,-1444011.6895
669899.282236,-1444256.204
669948.4007560001,-1444501.33
670627.730996,-1448695.4665
670673.448504,-1448941.249
670718.624224,-1449187.129
670761.35424,-1449433.4495
671532.0222560001,-1453611.801
671578.02026,-1453857.5285
671627.784248,-1454102.523
671679.685004,-1454347.074
672390.7660320001,-1458535.3315
672430.4219960001,-1458782.1615
672468.182252,-1459029.2905
672507.007996,-1459276.2565
673175.2992479999,-1463466.359
673216.259008,-1463712.9795
673255.690256,-1463959.8475
673296.6442680001,-1464206.4595
674350.1830160001,-1464091.9255
674291.0997560001,-1463849.0665
674239.3915120001,-1463604.4815
674193.0724960001,-1463358.829
673476.7382479999,-1459170.2995
673449.6807360001,-1458921.775
673425.93498,-1458672.909
673400.320756,-1458424.2675
672640.689004,-1454245.157
672612.1787319998,-1453996.844
672572.758024,-1453749.9925
672527.134504,-1453504.2
671783.787744,-1449321.6905
671729.855492,-1449077.597
671681.49024,-1448832.3605
671639.174504,-1448585.976
670917.713988,-1444400.1295
670863.8254959999,-1444156.012
670806.2247560001,-1443912.7415
670747.626,-1443669.7065
670003.283004,-1439486.7585
669963.456,-1439239.965
669927.663,-1438992.543
669892.33374,-1438745.0525
